Id,Name,Account_vod__c,Account_Type,Account_Specialty,Territory_vod__c,Country,Call_Date_vod__c,Call_Datetime_vod__c,Call_Type_vod__c,Call_Channel_vod__c,Status_vod__c,Detailed_Products_vod__c,Product_Priority,Sample_Dropped,Sample_Product_vod__c,Sample_Quantity_vod__c,Sample_Lot,Signature_Captured,Media_Shown,CLM_Key_Message_Count,Key_Message_Reaction,Next_Call_Notes_vod__c,Attendee_Count,Call_Duration_Minutes,Ownerid,Is_Parent_Call_vod__c,Unlock_vod__c,Mobile_Created_Datetime_vod__c,Created_By_Platform
a0B000000000000001,CALL-000001,001000000000000172,Clinic,Internal Medicine,NE-01,US,2026-07-16,2026-07-16T13:51:00.000Z,Detail Only,Face_to_Face_vod,Submitted_vod,Neurovia,Secondary,Yes,Neurovia 10mg Sample,2,LOT-2025-11,No,None,0,,Follow up on sample feedback,1,31,005000000000000023,true,false,2026-07-16T13:51:00.000Z,iPad
a0B000000000000002,CALL-000002,001000000000000153,Hospital,Oncology,EU-UK-01,GB,2026-07-13,2026-07-13T08:01:00.000Z,Detail Only,Face_to_Face_vod,Submitted_vod,Dermiq,Tertiary,No,,,,No,None,0,,Schedule next detail,1,29,005000000000000024,true,false,2026-07-13T08:01:00.000Z,Browser
a0B000000000000003,CALL-000003,001000000000000049,HCP,Neurology,EU-ES-01,ES,2026-08-09,2026-08-09T13:48:00.000Z,Sample Only,Face_to_Face_vod,Submitted_vod,Dermiq,Secondary,Yes,Dermiq 10mg Sample,1,LOT-2025-06,Yes,None,0,,Follow up on sample feedback,1,24,005000000000000014,true,false,2026-08-09T13:48:00.000Z,iPad
a0B000000000000004,CALL-000004,001000000000000022,HCP,Cardiology,APAC-AU-01,AU,2026-08-23,2026-08-23T15:25:00.000Z,Remote Detail,Video_vod,Submitted_vod,Dermiq,Secondary,No,,,,No,Dermiq Launch Deck,6,Positive,Revisit key messages,1,35,005000000000000010,true,false,2026-08-23T15:25:00.000Z,iPad
a0B000000000000005,CALL-000005,001000000000000118,Clinic,Oncology,EU-ES-01,ES,2026-08-15,2026-08-15T11:09:00.000Z,Sample Only,Face_to_Face_vod,Submitted_vod,Neurovia,Primary,Yes,Neurovia 10mg Sample,3,LOT-2026-10,No,None,0,,Follow up on sample feedback,1,14,005000000000000030,true,false,2026-08-15T11:09:00.000Z,iPad
a0B000000000000006,CALL-000006,001000000000000003,HCP,Oncology,SE-01,US,2026-08-22,2026-08-22T09:18:00.000Z,Detail with Sample,Face_to_Face_vod,Submitted_vod,Dermiq,Tertiary,Yes,Dermiq 10mg Sample,4,LOT-2025-05,Yes,None,0,,Follow up on sample feedback,1,29,005000000000000019,true,false,2026-08-22T09:18:00.000Z,iPad
a0B000000000000007,CALL-000007,001000000000000046,HCP,Dermatology,EU-UK-01,GB,2026-08-22,2026-08-22T16:34:00.000Z,Detail Only,Face_to_Face_vod,Submitted_vod,Pulmora,Secondary,No,,,,No,Pulmora Patient Case,6,Positive,Revisit key messages,1,43,005000000000000039,true,false,2026-08-22T16:34:00.000Z,iPad
a0B000000000000008,CALL-000008,001000000000000176,HCP,Pulmonology,EU-ES-01,ES,2026-06-06,2026-06-06T11:27:00.000Z,Email,Email_vod,Saved_vod,Neurovia,Secondary,No,,,,No,None,0,,Schedule next detail,1,0,005000000000000013,true,true,2026-06-06T11:27:00.000Z,Browser
a0B000000000000009,CALL-000009,001000000000000112,Hospital,Cardiology,EU-IT-01,IT,2026-08-21,2026-08-21T14:32:00.000Z,Sample Only,Face_to_Face_vod,Submitted_vod,Neurovia,Tertiary,Yes,Neurovia 10mg Sample,3,LOT-2025-11,No,None,0,,Follow up on sample feedback,1,45,005000000000000022,true,false,2026-08-21T14:32:00.000Z,iPhone
a0B000000000000010,CALL-000010,001000000000000047,HCP,Dermatology,NE-02,US,2026-06-04,2026-06-04T11:35:00.000Z,Sample Only,Face_to_Face_vod,Submitted_vod,Cardiozen,Tertiary,Yes,Cardiozen 10mg Sample,2,LOT-2025-07,Yes,None,0,,Follow up on sample feedback,1,12,005000000000000018,true,false,2026-06-04T11:35:00.000Z,iPad
a0B000000000000011,CALL-000011,001000000000000135,HCP,Neurology,EU-IT-01,IT,2026-08-22,2026-08-22T15:33:00.000Z,Email,Email_vod,Submitted_vod,Neurovia,Tertiary,No,,,,No,None,0,,Schedule next detail,1,0,005000000000000006,true,false,2026-08-22T15:33:00.000Z,Windows
a0B000000000000012,CALL-000012,001000000000000136,Hospital,Neurology,MW-02,US,2026-06-27,2026-06-27T14:25:00.000Z,Detail Only,Face_to_Face_vod,Submitted_vod,Pulmora,Tertiary,No,,,,No,None,0,,Schedule next detail,1,22,005000000000000033,true,false,2026-06-27T14:25:00.000Z,iPad
a0B000000000000013,CALL-000013,001000000000000150,HCP,Oncology,APAC-JP-01,JP,2026-08-03,2026-08-03T08:26:00.000Z,Email,Email_vod,Saved_vod,Cardiozen,Secondary,No,,,,No,None,0,,Schedule next detail,1,0,005000000000000039,true,true,2026-08-03T08:26:00.000Z,iPad
a0B000000000000014,CALL-000014,001000000000000157,Pharmacy,Internal Medicine,EU-UK-01,GB,2026-08-27,2026-08-27T14:07:00.000Z,Sample Only,Face_to_Face_vod,Submitted_vod,Pulmora,Secondary,Yes,Pulmora 10mg Sample,4,LOT-2025-02,No,None,0,,Follow up on sample feedback,1,18,005000000000000004,true,false,2026-08-27T14:07:00.000Z,Browser
a0B000000000000015,CALL-000015,001000000000000077,HCP,General Practice,LATAM-BR-01,BR,2026-06-23,2026-06-23T12:35:00.000Z,Sample Only,Face_to_Face_vod,Submitted_vod,Pulmora,Tertiary,Yes,Pulmora 10mg Sample,4,LOT-2026-06,Yes,None,0,,Follow up on sample feedback,1,18,005000000000000028,true,false,2026-06-23T12:35:00.000Z,iPad
a0B000000000000016,CALL-000016,001000000000000042,Clinic,General Practice,MW-02,US,2026-06-24,2026-06-24T12:35:00.000Z,Detail Only,Face_to_Face_vod,Submitted_vod,Dermiq,Tertiary,No,,,,No,Dermiq Launch Deck,1,Negative,Revisit key messages,1,23,005000000000000002,true,false,2026-06-24T12:35:00.000Z,iPad
a0B000000000000017,CALL-000017,001000000000000047,Pharmacy,Pulmonology,MW-02,US,2026-08-20,2026-08-20T08:41:00.000Z,Remote Detail,Video_vod,Submitted_vod,Neurovia,Tertiary,No,,,,No,Neurovia MoA Video,5,Positive,Revisit key messages,1,13,005000000000000003,true,false,2026-08-20T08:41:00.000Z,iPad
a0B000000000000018,CALL-000018,001000000000000092,Hospital,Internal Medicine,NE-02,US,2026-08-08,2026-08-08T11:30:00.000Z,Remote Detail,Video_vod,Submitted_vod,Oncaline,Primary,No,,,,No,None,0,,Schedule next detail,1,35,005000000000000010,true,false,2026-08-08T11:30:00.000Z,iPad
a0B000000000000019,CALL-000019,001000000000000082,Hospital,Cardiology,CA-QC-01,CA,2026-06-10,2026-06-10T08:42:00.000Z,Detail with Sample,Face_to_Face_vod,Submitted_vod,Neurovia,Tertiary,Yes,Neurovia 10mg Sample,4,LOT-2026-08,No,Neurovia MoA Video,5,Neutral,Follow up on sample feedback,1,41,005000000000000006,true,false,2026-06-10T08:42:00.000Z,Browser
a0B000000000000020,CALL-000020,001000000000000029,HCP,Neurology,EU-FR-01,FR,2026-07-06,2026-07-06T12:52:00.000Z,Detail with Sample,Face_to_Face_vod,Submitted_vod,Neurovia,Primary,Yes,Neurovia 10mg Sample,1,LOT-2026-05,Yes,None,0,,Follow up on sample feedback,1,19,005000000000000019,true,false,2026-07-06T12:52:00.000Z,Windows
a0B000000000000021,CALL-000021,001000000000000099,HCP,Internal Medicine,APAC-AU-01,AU,2026-06-27,2026-06-27T11:53:00.000Z,Detail Only,Face_to_Face_vod,Submitted_vod,Oncaline,Tertiary,No,,,,No,None,0,,Schedule next detail,1,31,005000000000000014,true,false,2026-06-27T11:53:00.000Z,iPad
a0B000000000000022,CALL-000022,001000000000000053,HCP,Neurology,EU-ES-01,ES,2026-07-07,2026-07-07T11:53:00.000Z,Detail Only,Face_to_Face_vod,Saved_vod,Dermiq,Secondary,No,,,,No,None,0,,Schedule next detail,1,40,005000000000000006,true,true,2026-07-07T11:53:00.000Z,Windows
a0B000000000000023,CALL-000023,001000000000000052,Hospital,Neurology,APAC-JP-01,JP,2026-08-05,2026-08-05T15:20:00.000Z,Detail Only,Face_to_Face_vod,Submitted_vod,Oncaline,Secondary,No,,,,No,Oncaline Phase III Data,1,Neutral,Revisit key messages,1,23,005000000000000038,true,false,2026-08-05T15:20:00.000Z,iPhone
a0B000000000000024,CALL-000024,001000000000000076,HCP,Neurology,W-01,US,2026-07-18,2026-07-18T12:54:00.000Z,Detail with Sample,Face_to_Face_vod,Submitted_vod,Dermiq,Tertiary,Yes,Dermiq 10mg Sample,2,LOT-2026-05,Yes,None,0,,Follow up on sample feedback,1,24,005000000000000036,true,false,2026-07-18T12:54:00.000Z,iPad
a0B000000000000025,CALL-000025,001000000000000078,HCP,Cardiology,APAC-AU-01,AU,2026-07-08,2026-07-08T10:03:00.000Z,Detail with Sample,Face_to_Face_vod,Submitted_vod,Pulmora,Primary,Yes,Pulmora 10mg Sample,1,LOT-2026-02,No,None,0,,Follow up on sample feedback,1,21,005000000000000023,true,false,2026-07-08T10:03:00.000Z,Browser
a0B000000000000026,CALL-000026,001000000000000083,HCP,Pulmonology,MW-02,US,2026-08-09,2026-08-09T10:34:00.000Z,Group Detail,Face_to_Face_vod,Submitted_vod,Dermiq,Primary,No,,,,No,None,0,,Schedule next detail,3,30,005000000000000024,true,false,2026-08-09T10:34:00.000Z,Windows
a0B000000000000027,CALL-000027,001000000000000146,Hospital,General Practice,LATAM-BR-01,BR,2026-08-19,2026-08-19T13:35:00.000Z,Phone Call,Phone_vod,Submitted_vod,Cardiozen,Secondary,No,,,,No,None,0,,Schedule next detail,1,8,005000000000000014,true,false,2026-08-19T13:35:00.000Z,Browser
a0B000000000000028,CALL-000028,001000000000000027,HCP,Pulmonology,EU-ES-01,ES,2026-07-17,2026-07-17T10:37:00.000Z,Detail with Sample,Face_to_Face_vod,Submitted_vod,Neurovia,Primary,Yes,Neurovia 10mg Sample,4,LOT-2025-05,Yes,Neurovia Safety Profile,6,Positive,Follow up on sample feedback,1,24,005000000000000040,true,false,2026-07-17T10:37:00.000Z,iPad
a0B000000000000029,CALL-000029,001000000000000117,HCP,General Practice,EU-ES-01,ES,2026-07-19,2026-07-19T10:34:00.000Z,Detail Only,Face_to_Face_vod,Saved_vod,Oncaline,Secondary,No,,,,No,None,0,,Schedule next detail,1,42,005000000000000006,true,true,2026-07-19T10:34:00.000Z,iPad
a0B000000000000030,CALL-000030,001000000000000060,Hospital,Internal Medicine,LATAM-BR-01,BR,2026-07-12,2026-07-12T12:08:00.000Z,Sample Only,Face_to_Face_vod,Submitted_vod,Dermiq,Primary,Yes,Dermiq 10mg Sample,4,LOT-2025-02,Yes,None,0,,Follow up on sample feedback,1,44,005000000000000040,true,false,2026-07-12T12:08:00.000Z,iPad
a0B000000000000031,CALL-000031,001000000000000147,HCP,Dermatology,CA-QC-01,CA,2026-08-10,2026-08-10T14:05:00.000Z,Detail with Sample,Face_to_Face_vod,Submitted_vod,Oncaline,Tertiary,Yes,Oncaline 10mg Sample,4,LOT-2025-07,Yes,Oncaline Phase III Data,6,Positive,Follow up on sample feedback,1,33,005000000000000022,true,false,2026-08-10T14:05:00.000Z,iPad
a0B000000000000032,CALL-000032,001000000000000048,HCP,Dermatology,LATAM-BR-01,BR,2026-08-10,2026-08-10T10:10:00.000Z,Detail Only,Face_to_Face_vod,Saved_vod,Neurovia,Tertiary,No,,,,No,Neurovia Safety Profile,3,Positive,Revisit key messages,1,45,005000000000000022,true,true,2026-08-10T10:10:00.000Z,iPad
a0B000000000000033,CALL-000033,001000000000000132,HCP,Oncology,MW-02,US,2026-07-15,2026-07-15T12:26:00.000Z,Remote Detail,Video_vod,Submitted_vod,Cardiozen,Secondary,No,,,,No,None,0,,Schedule next detail,1,24,005000000000000024,true,false,2026-07-15T12:26:00.000Z,iPad
a0B000000000000034,CALL-000034,001000000000000056,Hospital,Internal Medicine,LATAM-BR-01,BR,2026-07-08,2026-07-08T10:11:00.000Z,Detail with Sample,Face_to_Face_vod,Saved_vod,Oncaline,Secondary,Yes,Oncaline 10mg Sample,1,LOT-2025-09,Yes,Oncaline Phase III Data,2,Positive,Follow up on sample feedback,1,41,005000000000000024,true,true,2026-07-08T10:11:00.000Z,iPad
a0B000000000000035,CALL-000035,001000000000000068,Hospital,Oncology,EU-FR-01,FR,2026-06-30,2026-06-30T12:23:00.000Z,Product Discussion,Face_to_Face_vod,Saved_vod,Oncaline,Tertiary,No,,,,No,None,0,,Schedule next detail,1,28,005000000000000019,true,true,2026-06-30T12:23:00.000Z,iPad
a0B000000000000036,CALL-000036,001000000000000103,HCP,Oncology,MW-02,US,2026-07-21,2026-07-21T16:43:00.000Z,Phone Call,Phone_vod,Submitted_vod,Oncaline,Primary,No,,,,No,None,0,,Schedule next detail,1,15,005000000000000031,true,false,2026-07-21T16:43:00.000Z,iPad
a0B000000000000037,CALL-000037,001000000000000130,HCP,Cardiology,EU-IT-01,IT,2026-06-05,2026-06-05T15:17:00.000Z,Phone Call,Phone_vod,Submitted_vod,Dermiq,Primary,No,,,,No,None,0,,Schedule next detail,1,11,005000000000000008,true,false,2026-06-05T15:17:00.000Z,iPad
a0B000000000000038,CALL-000038,001000000000000167,HCP,Dermatology,EU-DACH-01,DE,2026-06-05,2026-06-05T15:41:00.000Z,Detail Only,Face_to_Face_vod,Planned_vod,Pulmora,Tertiary,No,,,,No,None,0,,Schedule next detail,1,16,005000000000000018,true,true,2026-06-05T15:41:00.000Z,Browser
a0B000000000000039,CALL-000039,001000000000000004,Hospital,Dermatology,NE-01,US,2026-06-02,2026-06-02T15:17:00.000Z,Detail Only,Face_to_Face_vod,Planned_vod,Neurovia,Primary,No,,,,No,None,0,,Schedule next detail,1,31,005000000000000031,true,true,2026-06-02T15:17:00.000Z,Windows
a0B000000000000040,CALL-000040,001000000000000037,Clinic,Oncology,APAC-JP-01,JP,2026-08-03,2026-08-03T14:39:00.000Z,Detail with Sample,Face_to_Face_vod,Submitted_vod,Oncaline,Primary,Yes,Oncaline 10mg Sample,2,LOT-2025-02,No,Oncaline Phase III Data,5,Negative,Follow up on sample feedback,1,19,005000000000000005,true,false,2026-08-03T14:39:00.000Z,Browser
a0B000000000000041,CALL-000041,001000000000000122,HCP,Pulmonology,CA-QC-01,CA,2026-07-05,2026-07-05T09:39:00.000Z,Detail Only,Face_to_Face_vod,Planned_vod,Neurovia,Secondary,Yes,Neurovia 10mg Sample,4,LOT-2026-12,Yes,Neurovia Safety Profile,2,Positive,Follow up on sample feedback,1,15,005000000000000006,true,true,2026-07-05T09:39:00.000Z,Windows
a0B000000000000042,CALL-000042,001000000000000002,HCP,Oncology,CA-QC-01,CA,2026-06-11,2026-06-11T16:14:00.000Z,Group Detail,Face_to_Face_vod,Submitted_vod,Cardiozen,Tertiary,No,,,,No,Cardiozen Dosing Guide,6,Positive,Revisit key messages,6,14,005000000000000025,true,false,2026-06-11T16:14:00.000Z,iPad
a0B000000000000043,CALL-000043,001000000000000158,Hospital,Neurology,APAC-AU-01,AU,2026-06-16,2026-06-16T16:29:00.000Z,Detail Only,Face_to_Face_vod,Submitted_vod,Dermiq,Secondary,No,,,,No,Dermiq Launch Deck,1,Not Captured,Revisit key messages,1,33,005000000000000003,true,false,2026-06-16T16:29:00.000Z,iPad
a0B000000000000044,CALL-000044,001000000000000102,HCP,Dermatology,EU-IT-01,IT,2026-06-24,2026-06-24T09:23:00.000Z,Product Discussion,Face_to_Face_vod,Planned_vod,Cardiozen,Primary,No,,,,No,None,0,,Schedule next detail,1,17,005000000000000030,true,true,2026-06-24T09:23:00.000Z,Browser
a0B000000000000045,CALL-000045,001000000000000088,HCP,Neurology,EU-FR-01,FR,2026-08-17,2026-08-17T13:32:00.000Z,Detail Only,Face_to_Face_vod,Saved_vod,Cardiozen,Tertiary,No,,,,No,None,0,,Schedule next detail,1,25,005000000000000017,true,true,2026-08-17T13:32:00.000Z,iPad
a0B000000000000046,CALL-000046,001000000000000099,HCP,Oncology,SE-01,US,2026-08-04,2026-08-04T08:25:00.000Z,Detail Only,Face_to_Face_vod,Submitted_vod,Dermiq,Secondary,No,,,,No,None,0,,Schedule next detail,1,37,005000000000000039,true,false,2026-08-04T08:25:00.000Z,iPad
a0B000000000000047,CALL-000047,001000000000000072,HCP,Dermatology,W-02,US,2026-08-19,2026-08-19T16:04:00.000Z,Detail Only,Face_to_Face_vod,Submitted_vod,Pulmora,Primary,No,,,,No,None,0,,Schedule next detail,1,31,005000000000000037,true,false,2026-08-19T16:04:00.000Z,iPad
a0B000000000000048,CALL-000048,001000000000000131,HCP,Internal Medicine,NE-01,US,2026-07-12,2026-07-12T11:42:00.000Z,Product Discussion,Face_to_Face_vod,Submitted_vod,Cardiozen,Primary,No,,,,No,Cardiozen Dosing Guide,3,Neutral,Revisit key messages,1,24,005000000000000035,true,false,2026-07-12T11:42:00.000Z,Browser
a0B000000000000049,CALL-000049,001000000000000075,Pharmacy,Cardiology,EU-DACH-01,DE,2026-07-19,2026-07-19T12:34:00.000Z,Remote Detail,Video_vod,Submitted_vod,Oncaline,Primary,No,,,,No,Oncaline Phase III Data,2,Positive,Revisit key messages,1,42,005000000000000006,true,false,2026-07-19T12:34:00.000Z,Windows
a0B000000000000050,CALL-000050,001000000000000073,HCP,Internal Medicine,NE-01,US,2026-06-16,2026-06-16T10:25:00.000Z,Sample Only,Face_to_Face_vod,Submitted_vod,Pulmora,Secondary,Yes,Pulmora 10mg Sample,3,LOT-2025-08,Yes,None,0,,Follow up on sample feedback,1,43,005000000000000024,true,false,2026-06-16T10:25:00.000Z,Windows
a0B000000000000051,CALL-000051,001000000000000131,HCP,Neurology,CA-ON-01,CA,2026-06-05,2026-06-05T10:03:00.000Z,Phone Call,Phone_vod,Submitted_vod,Pulmora,Secondary,No,,,,No,None,0,,Schedule next detail,1,14,005000000000000001,true,false,2026-06-05T10:03:00.000Z,iPad
a0B000000000000052,CALL-000052,001000000000000089,HCP,Oncology,EU-DACH-01,DE,2026-08-09,2026-08-09T09:59:00.000Z,Detail with Sample,Face_to_Face_vod,Submitted_vod,Oncaline,Secondary,Yes,Oncaline 10mg Sample,2,LOT-2026-07,No,Oncaline Phase III Data,3,Positive,Follow up on sample feedback,1,44,005000000000000010,true,false,2026-08-09T09:59:00.000Z,iPad
a0B000000000000053,CALL-000053,001000000000000091,HCP,General Practice,W-02,US,2026-08-10,2026-08-10T11:32:00.000Z,Group Detail,Face_to_Face_vod,Saved_vod,Oncaline,Secondary,No,,,,No,None,0,,Schedule next detail,10,26,005000000000000039,true,true,2026-08-10T11:32:00.000Z,iPad
a0B000000000000054,CALL-000054,001000000000000097,Clinic,Pulmonology,CA-QC-01,CA,2026-08-21,2026-08-21T10:33:00.000Z,Detail Only,Face_to_Face_vod,Submitted_vod,Oncaline,Primary,No,,,,No,None,0,,Schedule next detail,1,39,005000000000000034,true,false,2026-08-21T10:33:00.000Z,iPad
a0B000000000000055,CALL-000055,001000000000000126,HCP,Oncology,EU-DACH-01,DE,2026-06-12,2026-06-12T11:38:00.000Z,Email,Email_vod,Submitted_vod,Pulmora,Primary,No,,,,No,None,0,,Schedule next detail,1,0,005000000000000020,true,false,2026-06-12T11:38:00.000Z,iPad
a0B000000000000056,CALL-000056,001000000000000035,HCP,Pulmonology,EU-DACH-01,DE,2026-07-11,2026-07-11T09:08:00.000Z,Detail Only,Face_to_Face_vod,Submitted_vod,Cardiozen,Secondary,No,,,,No,None,0,,Schedule next detail,1,45,005000000000000027,true,false,2026-07-11T09:08:00.000Z,Windows
a0B000000000000057,CALL-000057,001000000000000022,Pharmacy,Pulmonology,EU-UK-01,GB,2026-08-01,2026-08-01T11:12:00.000Z,Remote Detail,Video_vod,Submitted_vod,Oncaline,Secondary,No,,,,No,None,0,,Schedule next detail,1,17,005000000000000039,true,false,2026-08-01T11:12:00.000Z,iPad
a0B000000000000058,CALL-000058,001000000000000012,HCP,General Practice,W-02,US,2026-08-01,2026-08-01T16:21:00.000Z,Group Detail,Face_to_Face_vod,Submitted_vod,Dermiq,Tertiary,No,,,,No,None,0,,Schedule next detail,9,12,005000000000000001,true,false,2026-08-01T16:21:00.000Z,Windows
a0B000000000000059,CALL-000059,001000000000000057,Clinic,Oncology,SE-01,US,2026-07-13,2026-07-13T14:44:00.000Z,Sample Only,Face_to_Face_vod,Saved_vod,Cardiozen,Secondary,Yes,Cardiozen 10mg Sample,3,LOT-2026-06,Yes,None,0,,Follow up on sample feedback,1,45,005000000000000032,true,true,2026-07-13T14:44:00.000Z,Windows
a0B000000000000060,CALL-000060,001000000000000127,HCP,Dermatology,SE-02,US,2026-07-15,2026-07-15T11:55:00.000Z,Detail with Sample,Face_to_Face_vod,Submitted_vod,Pulmora,Primary,Yes,Pulmora 10mg Sample,2,LOT-2026-10,Yes,None,0,,Follow up on sample feedback,1,41,005000000000000010,true,false,2026-07-15T11:55:00.000Z,Browser
a0B000000000000061,CALL-000061,001000000000000083,Clinic,Dermatology,LATAM-BR-01,BR,2026-08-10,2026-08-10T14:36:00.000Z,Sample Only,Face_to_Face_vod,Submitted_vod,Dermiq,Primary,Yes,Dermiq 10mg Sample,3,LOT-2026-11,Yes,None,0,,Follow up on sample feedback,1,37,005000000000000027,true,false,2026-08-10T14:36:00.000Z,iPad
a0B000000000000062,CALL-000062,001000000000000049,HCP,Oncology,LATAM-BR-01,BR,2026-08-12,2026-08-12T15:18:00.000Z,Detail Only,Face_to_Face_vod,Saved_vod,Oncaline,Secondary,No,,,,No,Oncaline Phase III Data,1,Neutral,Revisit key messages,1,10,005000000000000021,true,true,2026-08-12T15:18:00.000Z,Windows
a0B000000000000063,CALL-000063,001000000000000080,HCP,Oncology,SE-01,US,2026-07-22,2026-07-22T12:52:00.000Z,Detail Only,Face_to_Face_vod,Submitted_vod,Dermiq,Tertiary,No,,,,No,None,0,,Schedule next detail,1,31,005000000000000003,true,false,2026-07-22T12:52:00.000Z,Browser
a0B000000000000064,CALL-000064,001000000000000098,HCP,Neurology,APAC-JP-01,JP,2026-08-03,2026-08-03T08:41:00.000Z,Detail Only,Face_to_Face_vod,Submitted_vod,Dermiq,Tertiary,No,,,,No,Dermiq Launch Deck,3,Neutral,Revisit key messages,1,24,005000000000000036,true,false,2026-08-03T08:41:00.000Z,Windows
a0B000000000000065,CALL-000065,001000000000000062,HCP,Neurology,MW-02,US,2026-07-10,2026-07-10T10:14:00.000Z,Detail Only,Face_to_Face_vod,Submitted_vod,Pulmora,Secondary,No,,,,No,None,0,,Schedule next detail,1,38,005000000000000006,true,false,2026-07-10T10:14:00.000Z,Windows
a0B000000000000066,CALL-000066,001000000000000174,HCP,Neurology,CA-ON-01,CA,2026-06-04,2026-06-04T12:43:00.000Z,Detail Only,Face_to_Face_vod,Submitted_vod,Neurovia,Secondary,No,,,,No,None,0,,Schedule next detail,1,18,005000000000000018,true,false,2026-06-04T12:43:00.000Z,iPad
a0B000000000000067,CALL-000067,001000000000000170,Clinic,Dermatology,EU-FR-01,FR,2026-07-26,2026-07-26T14:03:00.000Z,Product Discussion,Face_to_Face_vod,Submitted_vod,Dermiq,Primary,No,,,,No,None,0,,Schedule next detail,1,35,005000000000000011,true,false,2026-07-26T14:03:00.000Z,iPad
a0B000000000000068,CALL-000068,001000000000000023,Hospital,Oncology,EU-DACH-01,DE,2026-07-01,2026-07-01T16:20:00.000Z,Detail with Sample,Face_to_Face_vod,Submitted_vod,Cardiozen,Secondary,Yes,Cardiozen 10mg Sample,1,LOT-2026-04,Yes,Cardiozen Efficacy Deck,4,Negative,Follow up on sample feedback,1,36,005000000000000026,true,false,2026-07-01T16:20:00.000Z,iPad
a0B000000000000069,CALL-000069,001000000000000132,Clinic,Pulmonology,MW-02,US,2026-07-09,2026-07-09T11:06:00.000Z,Sample Only,Face_to_Face_vod,Submitted_vod,Cardiozen,Primary,Yes,Cardiozen 10mg Sample,4,LOT-2025-10,Yes,None,0,,Follow up on sample feedback,1,42,005000000000000019,true,false,2026-07-09T11:06:00.000Z,Windows
a0B000000000000070,CALL-000070,001000000000000084,HCP,Internal Medicine,MW-02,US,2026-07-24,2026-07-24T11:22:00.000Z,Sample Only,Face_to_Face_vod,Submitted_vod,Oncaline,Primary,Yes,Oncaline 10mg Sample,4,LOT-2026-11,Yes,None,0,,Follow up on sample feedback,1,11,005000000000000001,true,false,2026-07-24T11:22:00.000Z,iPad
a0B000000000000071,CALL-000071,001000000000000169,HCP,Internal Medicine,EU-ES-01,ES,2026-07-16,2026-07-16T09:28:00.000Z,Product Discussion,Face_to_Face_vod,Saved_vod,Neurovia,Primary,No,,,,No,Neurovia Safety Profile,2,Not Captured,Revisit key messages,1,21,005000000000000040,true,true,2026-07-16T09:28:00.000Z,iPad
a0B000000000000072,CALL-000072,001000000000000091,HCP,Cardiology,CA-QC-01,CA,2026-08-27,2026-08-27T08:08:00.000Z,Detail Only,Face_to_Face_vod,Submitted_vod,Cardiozen,Secondary,No,,,,No,Cardiozen Dosing Guide,3,Not Captured,Revisit key messages,1,23,005000000000000032,true,false,2026-08-27T08:08:00.000Z,iPad
a0B000000000000073,CALL-000073,001000000000000049,HCP,Internal Medicine,APAC-JP-01,JP,2026-08-25,2026-08-25T16:41:00.000Z,Group Detail,Face_to_Face_vod,Submitted_vod,Pulmora,Primary,No,,,,No,Pulmora Patient Case,6,Neutral,Revisit key messages,8,37,005000000000000018,true,false,2026-08-25T16:41:00.000Z,iPad
a0B000000000000074,CALL-000074,001000000000000054,HCP,Oncology,EU-ES-01,ES,2026-07-01,2026-07-01T13:26:00.000Z,Remote Detail,Video_vod,Planned_vod,Pulmora,Primary,No,,,,No,Pulmora Patient Case,4,Positive,Revisit key messages,1,36,005000000000000020,true,true,2026-07-01T13:26:00.000Z,iPad
a0B000000000000075,CALL-000075,001000000000000137,HCP,Oncology,NE-01,US,2026-06-23,2026-06-23T12:00:00.000Z,Detail with Sample,Face_to_Face_vod,Submitted_vod,Oncaline,Tertiary,Yes,Oncaline 10mg Sample,2,LOT-2025-09,Yes,Oncaline Phase III Data,6,Neutral,Follow up on sample feedback,1,44,005000000000000024,true,false,2026-06-23T12:00:00.000Z,Windows
a0B000000000000076,CALL-000076,001000000000000079,HCP,Pulmonology,EU-DACH-01,DE,2026-07-04,2026-07-04T09:05:00.000Z,Sample Only,Face_to_Face_vod,Submitted_vod,Dermiq,Primary,Yes,Dermiq 10mg Sample,2,LOT-2025-04,Yes,None,0,,Follow up on sample feedback,1,40,005000000000000027,true,false,2026-07-04T09:05:00.000Z,Windows
a0B000000000000077,CALL-000077,001000000000000128,Pharmacy,Pulmonology,EU-IT-01,IT,2026-06-12,2026-06-12T10:34:00.000Z,Detail with Sample,Face_to_Face_vod,Submitted_vod,Dermiq,Primary,Yes,Dermiq 10mg Sample,4,LOT-2026-04,Yes,None,0,,Follow up on sample feedback,1,27,005000000000000009,true,false,2026-06-12T10:34:00.000Z,Windows
a0B000000000000078,CALL-000078,001000000000000031,HCP,Cardiology,LATAM-BR-01,BR,2026-08-11,2026-08-11T16:38:00.000Z,Detail Only,Face_to_Face_vod,Submitted_vod,Pulmora,Secondary,No,,,,No,Pulmora Patient Case,5,Not Captured,Revisit key messages,1,42,005000000000000040,true,false,2026-08-11T16:38:00.000Z,Browser
a0B000000000000079,CALL-000079,001000000000000134,Hospital,Dermatology,LATAM-BR-01,BR,2026-08-18,2026-08-18T10:43:00.000Z,Detail with Sample,Face_to_Face_vod,Submitted_vod,Neurovia,Primary,Yes,Neurovia 10mg Sample,4,LOT-2026-08,Yes,Neurovia MoA Video,5,Positive,Follow up on sample feedback,1,37,005000000000000014,true,false,2026-08-18T10:43:00.000Z,iPad
a0B000000000000080,CALL-000080,001000000000000082,Hospital,Cardiology,EU-DACH-01,DE,2026-08-03,2026-08-03T13:25:00.000Z,Product Discussion,Face_to_Face_vod,Saved_vod,Oncaline,Tertiary,No,,,,No,Oncaline Phase III Data,2,Positive,Revisit key messages,1,40,005000000000000038,true,true,2026-08-03T13:25:00.000Z,iPad
a0B000000000000081,CALL-000081,001000000000000093,HCP,Cardiology,EU-ES-01,ES,2026-08-15,2026-08-15T12:59:00.000Z,Phone Call,Phone_vod,Saved_vod,Dermiq,Primary,Yes,Dermiq 10mg Sample,4,LOT-2025-09,No,None,0,,Follow up on sample feedback,1,9,005000000000000006,true,true,2026-08-15T12:59:00.000Z,Windows
a0B000000000000082,CALL-000082,001000000000000122,HCP,General Practice,MW-01,US,2026-08-27,2026-08-27T08:05:00.000Z,Sample Only,Face_to_Face_vod,Submitted_vod,Neurovia,Tertiary,Yes,Neurovia 10mg Sample,2,LOT-2025-03,Yes,None,0,,Follow up on sample feedback,1,35,005000000000000010,true,false,2026-08-27T08:05:00.000Z,iPad
a0B000000000000083,CALL-000083,001000000000000001,HCP,General Practice,MW-01,US,2026-07-10,2026-07-10T08:42:00.000Z,Product Discussion,Face_to_Face_vod,Submitted_vod,Cardiozen,Primary,No,,,,No,None,0,,Schedule next detail,1,21,005000000000000001,true,false,2026-07-10T08:42:00.000Z,iPad
a0B000000000000084,CALL-000084,001000000000000002,Clinic,Oncology,APAC-JP-01,JP,2026-06-06,2026-06-06T12:42:00.000Z,Product Discussion,Face_to_Face_vod,Submitted_vod,Pulmora,Tertiary,No,,,,No,None,0,,Schedule next detail,1,17,005000000000000021,true,false,2026-06-06T12:42:00.000Z,iPad
a0B000000000000085,CALL-000085,001000000000000018,Pharmacy,Pulmonology,EU-DACH-01,DE,2026-06-06,2026-06-06T15:09:00.000Z,Detail with Sample,Face_to_Face_vod,Submitted_vod,Dermiq,Secondary,Yes,Dermiq 10mg Sample,3,LOT-2026-05,Yes,None,0,,Follow up on sample feedback,1,34,005000000000000007,true,false,2026-06-06T15:09:00.000Z,Browser
a0B000000000000086,CALL-000086,001000000000000180,Hospital,Pulmonology,W-02,US,2026-06-25,2026-06-25T08:01:00.000Z,Sample Only,Face_to_Face_vod,Submitted_vod,Pulmora,Secondary,Yes,Pulmora 10mg Sample,4,LOT-2026-10,Yes,None,0,,Follow up on sample feedback,1,37,005000000000000008,true,false,2026-06-25T08:01:00.000Z,Browser
a0B000000000000087,CALL-000087,001000000000000104,Hospital,Neurology,NE-01,US,2026-07-23,2026-07-23T16:43:00.000Z,Email,Email_vod,Submitted_vod,Dermiq,Primary,No,,,,No,None,0,,Schedule next detail,1,0,005000000000000040,true,false,2026-07-23T16:43:00.000Z,iPhone
a0B000000000000088,CALL-000088,001000000000000091,Pharmacy,Internal Medicine,SE-02,US,2026-06-11,2026-06-11T12:44:00.000Z,Detail Only,Face_to_Face_vod,Submitted_vod,Oncaline,Tertiary,No,,,,No,None,0,,Schedule next detail,1,11,005000000000000003,true,false,2026-06-11T12:44:00.000Z,Windows
a0B000000000000089,CALL-000089,001000000000000045,Hospital,Pulmonology,LATAM-BR-01,BR,2026-06-10,2026-06-10T09:15:00.000Z,Email,Email_vod,Submitted_vod,Dermiq,Secondary,No,,,,No,None,0,,Schedule next detail,1,0,005000000000000029,true,false,2026-06-10T09:15:00.000Z,iPad
a0B000000000000090,CALL-000090,001000000000000137,Hospital,Neurology,EU-DACH-01,DE,2026-07-28,2026-07-28T11:57:00.000Z,Detail Only,Face_to_Face_vod,Saved_vod,Dermiq,Primary,No,,,,No,None,0,,Schedule next detail,1,36,005000000000000008,true,true,2026-07-28T11:57:00.000Z,Windows
a0B000000000000091,CALL-000091,001000000000000046,HCP,Oncology,W-02,US,2026-06-30,2026-06-30T15:29:00.000Z,Detail with Sample,Face_to_Face_vod,Submitted_vod,Pulmora,Tertiary,Yes,Pulmora 10mg Sample,3,LOT-2026-12,Yes,None,0,,Follow up on sample feedback,1,13,005000000000000019,true,false,2026-06-30T15:29:00.000Z,Windows
a0B000000000000092,CALL-000092,001000000000000094,HCP,Neurology,MW-01,US,2026-08-01,2026-08-01T08:56:00.000Z,Group Detail,Face_to_Face_vod,Submitted_vod,Dermiq,Primary,No,,,,No,Dermiq Launch Deck,6,Positive,Revisit key messages,8,34,005000000000000023,true,false,2026-08-01T08:56:00.000Z,Windows
a0B000000000000093,CALL-000093,001000000000000030,HCP,Cardiology,EU-DACH-01,DE,2026-08-19,2026-08-19T08:33:00.000Z,Sample Only,Face_to_Face_vod,Saved_vod,Pulmora,Tertiary,Yes,Pulmora 10mg Sample,3,LOT-2025-04,Yes,None,0,,Follow up on sample feedback,1,33,005000000000000025,true,true,2026-08-19T08:33:00.000Z,iPad
a0B000000000000094,CALL-000094,001000000000000129,Hospital,Internal Medicine,EU-DACH-01,DE,2026-07-16,2026-07-16T11:21:00.000Z,Detail with Sample,Face_to_Face_vod,Submitted_vod,Oncaline,Secondary,Yes,Oncaline 10mg Sample,2,LOT-2025-11,No,None,0,,Follow up on sample feedback,1,38,005000000000000010,true,false,2026-07-16T11:21:00.000Z,Windows
a0B000000000000095,CALL-000095,001000000000000076,HCP,Oncology,APAC-JP-01,JP,2026-06-13,2026-06-13T09:01:00.000Z,Product Discussion,Face_to_Face_vod,Submitted_vod,Pulmora,Tertiary,No,,,,No,None,0,,Schedule next detail,1,40,005000000000000033,true,false,2026-06-13T09:01:00.000Z,iPad
a0B000000000000096,CALL-000096,001000000000000180,HCP,Pulmonology,MW-01,US,2026-07-09,2026-07-09T09:16:00.000Z,Detail Only,Face_to_Face_vod,Submitted_vod,Cardiozen,Primary,No,,,,No,Cardiozen Efficacy Deck,4,Positive,Revisit key messages,1,11,005000000000000028,true,false,2026-07-09T09:16:00.000Z,iPad
a0B000000000000097,CALL-000097,001000000000000059,Clinic,General Practice,W-02,US,2026-08-15,2026-08-15T16:22:00.000Z,Group Detail,Face_to_Face_vod,Submitted_vod,Cardiozen,Secondary,No,,,,No,Cardiozen Efficacy Deck,3,Neutral,Revisit key messages,9,42,005000000000000028,true,false,2026-08-15T16:22:00.000Z,iPad
a0B000000000000098,CALL-000098,001000000000000009,HCP,Oncology,MW-02,US,2026-07-08,2026-07-08T13:27:00.000Z,Sample Only,Face_to_Face_vod,Saved_vod,Oncaline,Primary,Yes,Oncaline 10mg Sample,1,LOT-2026-11,Yes,None,0,,Follow up on sample feedback,1,23,005000000000000001,true,true,2026-07-08T13:27:00.000Z,iPad
a0B000000000000099,CALL-000099,001000000000000126,Clinic,Pulmonology,APAC-AU-01,AU,2026-07-04,2026-07-04T09:41:00.000Z,Product Discussion,Face_to_Face_vod,Submitted_vod,Cardiozen,Tertiary,No,,,,No,Cardiozen Dosing Guide,3,Neutral,Revisit key messages,1,43,005000000000000010,true,false,2026-07-04T09:41:00.000Z,Browser
a0B000000000000100,CALL-000100,001000000000000057,Clinic,Dermatology,APAC-JP-01,JP,2026-06-12,2026-06-12T16:40:00.000Z,Product Discussion,Face_to_Face_vod,Submitted_vod,Dermiq,Tertiary,No,,,,No,Dermiq Launch Deck,6,Positive,Revisit key messages,1,12,005000000000000035,true,false,2026-06-12T16:40:00.000Z,iPhone
a0B000000000000101,CALL-000101,001000000000000122,HCP,General Practice,NE-01,US,2026-08-19,2026-08-19T14:42:00.000Z,Product Discussion,Face_to_Face_vod,Submitted_vod,Pulmora,Secondary,No,,,,No,None,0,,Schedule next detail,1,21,005000000000000030,true,false,2026-08-19T14:42:00.000Z,iPad
a0B000000000000102,CALL-000102,001000000000000135,HCP,Cardiology,EU-FR-01,FR,2026-06-02,2026-06-02T09:41:00.000Z,Detail Only,Face_to_Face_vod,Submitted_vod,Dermiq,Secondary,No,,,,No,None,0,,Schedule next detail,1,39,005000000000000029,true,false,2026-06-02T09:41:00.000Z,Browser
a0B000000000000103,CALL-000103,001000000000000130,Hospital,Internal Medicine,W-02,US,2026-07-10,2026-07-10T13:59:00.000Z,Detail Only,Face_to_Face_vod,Submitted_vod,Oncaline,Secondary,No,,,,No,None,0,,Schedule next detail,1,20,005000000000000031,true,false,2026-07-10T13:59:00.000Z,Windows
a0B000000000000104,CALL-000104,001000000000000128,Clinic,Neurology,SE-01,US,2026-06-04,2026-06-04T09:27:00.000Z,Detail Only,Face_to_Face_vod,Submitted_vod,Pulmora,Tertiary,No,,,,No,Pulmora Patient Case,2,Not Captured,Revisit key messages,1,11,005000000000000024,true,false,2026-06-04T09:27:00.000Z,iPhone
a0B000000000000105,CALL-000105,001000000000000012,Clinic,Pulmonology,EU-FR-01,FR,2026-06-28,2026-06-28T13:07:00.000Z,Detail Only,Face_to_Face_vod,Submitted_vod,Dermiq,Secondary,Yes,Dermiq 10mg Sample,1,LOT-2026-07,Yes,None,0,,Follow up on sample feedback,1,17,005000000000000007,true,false,2026-06-28T13:07:00.000Z,Windows
a0B000000000000106,CALL-000106,001000000000000061,HCP,Pulmonology,EU-ES-01,ES,2026-07-02,2026-07-02T16:42:00.000Z,Detail Only,Face_to_Face_vod,Submitted_vod,Oncaline,Primary,No,,,,No,None,0,,Schedule next detail,1,37,005000000000000016,true,false,2026-07-02T16:42:00.000Z,iPad
a0B000000000000107,CALL-000107,001000000000000085,HCP,Pulmonology,LATAM-BR-01,BR,2026-07-08,2026-07-08T11:35:00.000Z,Detail with Sample,Face_to_Face_vod,Saved_vod,Dermiq,Primary,Yes,Dermiq 10mg Sample,4,LOT-2025-01,Yes,None,0,,Follow up on sample feedback,1,17,005000000000000026,true,true,2026-07-08T11:35:00.000Z,Windows
a0B000000000000108,CALL-000108,001000000000000145,Hospital,Neurology,APAC-AU-01,AU,2026-07-12,2026-07-12T13:56:00.000Z,Product Discussion,Face_to_Face_vod,Saved_vod,Oncaline,Secondary,No,,,,No,None,0,,Schedule next detail,1,31,005000000000000028,true,true,2026-07-12T13:56:00.000Z,iPad
a0B000000000000109,CALL-000109,001000000000000031,HCP,Pulmonology,EU-UK-01,GB,2026-07-30,2026-07-30T08:58:00.000Z,Product Discussion,Face_to_Face_vod,Submitted_vod,Cardiozen,Primary,No,,,,No,None,0,,Schedule next detail,1,44,005000000000000011,true,false,2026-07-30T08:58:00.000Z,iPad
a0B000000000000110,CALL-000110,001000000000000141,Hospital,Cardiology,CA-ON-01,CA,2026-07-27,2026-07-27T10:47:00.000Z,Detail with Sample,Face_to_Face_vod,Submitted_vod,Cardiozen,Tertiary,Yes,Cardiozen 10mg Sample,1,LOT-2025-04,Yes,None,0,,Follow up on sample feedback,1,36,005000000000000010,true,false,2026-07-27T10:47:00.000Z,Browser
a0B000000000000111,CALL-000111,001000000000000132,Hospital,Oncology,LATAM-BR-01,BR,2026-07-31,2026-07-31T11:22:00.000Z,Product Discussion,Face_to_Face_vod,Planned_vod,Oncaline,Secondary,No,,,,No,Oncaline Phase III Data,3,Negative,Revisit key messages,1,32,005000000000000040,true,true,2026-07-31T11:22:00.000Z,iPad
a0B000000000000112,CALL-000112,001000000000000097,HCP,Oncology,APAC-JP-01,JP,2026-07-14,2026-07-14T12:30:00.000Z,Detail with Sample,Face_to_Face_vod,Submitted_vod,Pulmora,Secondary,Yes,Pulmora 10mg Sample,2,LOT-2026-10,No,None,0,,Follow up on sample feedback,1,12,005000000000000017,true,false,2026-07-14T12:30:00.000Z,iPad
a0B000000000000113,CALL-000113,001000000000000097,HCP,Dermatology,SE-01,US,2026-08-16,2026-08-16T15:42:00.000Z,Detail with Sample,Face_to_Face_vod,Submitted_vod,Pulmora,Tertiary,Yes,Pulmora 10mg Sample,2,LOT-2025-01,Yes,None,0,,Follow up on sample feedback,1,44,005000000000000033,true,false,2026-08-16T15:42:00.000Z,iPad
a0B000000000000114,CALL-000114,001000000000000095,HCP,Oncology,EU-FR-01,FR,2026-07-31,2026-07-31T12:58:00.000Z,Remote Detail,Video_vod,Submitted_vod,Neurovia,Primary,No,,,,No,Neurovia MoA Video,5,Neutral,Revisit key messages,1,34,005000000000000011,true,false,2026-07-31T12:58:00.000Z,Windows
a0B000000000000115,CALL-000115,001000000000000125,Hospital,Pulmonology,NE-01,US,2026-07-03,2026-07-03T16:03:00.000Z,Group Detail,Face_to_Face_vod,Submitted_vod,Cardiozen,Secondary,Yes,Cardiozen 10mg Sample,1,LOT-2026-10,Yes,None,0,,Follow up on sample feedback,2,22,005000000000000002,true,false,2026-07-03T16:03:00.000Z,Windows
a0B000000000000116,CALL-000116,001000000000000017,HCP,Cardiology,SE-02,US,2026-06-11,2026-06-11T11:10:00.000Z,Detail Only,Face_to_Face_vod,Submitted_vod,Cardiozen,Secondary,No,,,,No,None,0,,Schedule next detail,1,33,005000000000000006,true,false,2026-06-11T11:10:00.000Z,Windows
a0B000000000000117,CALL-000117,001000000000000115,Clinic,Pulmonology,EU-UK-01,GB,2026-06-28,2026-06-28T13:01:00.000Z,Remote Detail,Video_vod,Submitted_vod,Pulmora,Secondary,Yes,Pulmora 10mg Sample,4,LOT-2025-04,Yes,None,0,,Follow up on sample feedback,1,35,005000000000000040,true,false,2026-06-28T13:01:00.000Z,iPad
a0B000000000000118,CALL-000118,001000000000000071,Clinic,Internal Medicine,SE-02,US,2026-08-12,2026-08-12T14:41:00.000Z,Email,Email_vod,Submitted_vod,Cardiozen,Secondary,No,,,,No,None,0,,Schedule next detail,1,0,005000000000000039,true,false,2026-08-12T14:41:00.000Z,iPad
a0B000000000000119,CALL-000119,001000000000000040,Pharmacy,Internal Medicine,W-01,US,2026-08-14,2026-08-14T11:17:00.000Z,Email,Email_vod,Submitted_vod,Dermiq,Secondary,No,,,,No,None,0,,Schedule next detail,1,0,005000000000000038,true,false,2026-08-14T11:17:00.000Z,iPad
a0B000000000000120,CALL-000120,001000000000000026,Clinic,Oncology,EU-IT-01,IT,2026-08-05,2026-08-05T09:43:00.000Z,Sample Only,Face_to_Face_vod,Submitted_vod,Neurovia,Tertiary,Yes,Neurovia 10mg Sample,4,LOT-2026-11,No,None,0,,Follow up on sample feedback,1,17,005000000000000011,true,false,2026-08-05T09:43:00.000Z,iPad
a0B000000000000121,CALL-000121,001000000000000040,Clinic,Dermatology,LATAM-BR-01,BR,2026-08-29,2026-08-29T08:17:00.000Z,Detail with Sample,Face_to_Face_vod,Submitted_vod,Pulmora,Primary,Yes,Pulmora 10mg Sample,4,LOT-2025-09,Yes,None,0,,Follow up on sample feedback,1,15,005000000000000005,true,false,2026-08-29T08:17:00.000Z,Browser
a0B000000000000122,CALL-000122,001000000000000118,HCP,Internal Medicine,EU-DACH-01,DE,2026-08-16,2026-08-16T14:06:00.000Z,Sample Only,Face_to_Face_vod,Submitted_vod,Pulmora,Tertiary,Yes,Pulmora 10mg Sample,2,LOT-2025-07,No,None,0,,Follow up on sample feedback,1,31,005000000000000023,true,false,2026-08-16T14:06:00.000Z,Windows
a0B000000000000123,CALL-000123,001000000000000157,HCP,General Practice,CA-ON-01,CA,2026-06-04,2026-06-04T15:49:00.000Z,Detail Only,Face_to_Face_vod,Submitted_vod,Oncaline,Secondary,No,,,,No,None,0,,Schedule next detail,1,13,005000000000000037,true,false,2026-06-04T15:49:00.000Z,Windows
a0B000000000000124,CALL-000124,001000000000000148,Pharmacy,Neurology,EU-UK-01,GB,2026-07-25,2026-07-25T14:16:00.000Z,Detail with Sample,Face_to_Face_vod,Submitted_vod,Cardiozen,Tertiary,Yes,Cardiozen 10mg Sample,1,LOT-2025-05,No,Cardiozen Efficacy Deck,2,Positive,Follow up on sample feedback,1,32,005000000000000002,true,false,2026-07-25T14:16:00.000Z,Browser
a0B000000000000125,CALL-000125,001000000000000177,HCP,Internal Medicine,EU-ES-01,ES,2026-06-08,2026-06-08T15:35:00.000Z,Remote Detail,Video_vod,Saved_vod,Cardiozen,Secondary,No,,,,No,None,0,,Schedule next detail,1,41,005000000000000014,true,true,2026-06-08T15:35:00.000Z,iPad
a0B000000000000126,CALL-000126,001000000000000080,HCP,Oncology,CA-ON-01,CA,2026-06-22,2026-06-22T11:36:00.000Z,Detail with Sample,Face_to_Face_vod,Submitted_vod,Oncaline,Secondary,Yes,Oncaline 10mg Sample,4,LOT-2025-03,Yes,None,0,,Follow up on sample feedback,1,42,005000000000000036,true,false,2026-06-22T11:36:00.000Z,Windows
a0B000000000000127,CALL-000127,001000000000000028,HCP,Internal Medicine,EU-IT-01,IT,2026-08-04,2026-08-04T13:25:00.000Z,Detail Only,Face_to_Face_vod,Submitted_vod,Pulmora,Secondary,No,,,,No,None,0,,Schedule next detail,1,41,005000000000000005,true,false,2026-08-04T13:25:00.000Z,iPad
a0B000000000000128,CALL-000128,001000000000000098,HCP,Cardiology,APAC-JP-01,JP,2026-08-24,2026-08-24T08:16:00.000Z,Product Discussion,Face_to_Face_vod,Submitted_vod,Cardiozen,Secondary,No,,,,No,Cardiozen Efficacy Deck,3,Positive,Revisit key messages,1,28,005000000000000021,true,false,2026-08-24T08:16:00.000Z,iPad
a0B000000000000129,CALL-000129,001000000000000033,HCP,Oncology,CA-QC-01,CA,2026-06-26,2026-06-26T09:18:00.000Z,Detail Only,Face_to_Face_vod,Submitted_vod,Oncaline,Tertiary,No,,,,No,None,0,,Schedule next detail,1,30,005000000000000012,true,false,2026-06-26T09:18:00.000Z,Windows
a0B000000000000130,CALL-000130,001000000000000178,Clinic,Dermatology,CA-QC-01,CA,2026-07-31,2026-07-31T11:10:00.000Z,Phone Call,Phone_vod,Submitted_vod,Pulmora,Primary,No,,,,No,None,0,,Schedule next detail,1,13,005000000000000028,true,false,2026-07-31T11:10:00.000Z,iPad
a0B000000000000131,CALL-000131,001000000000000076,Clinic,Internal Medicine,EU-ES-01,ES,2026-08-02,2026-08-02T09:55:00.000Z,Remote Detail,Video_vod,Submitted_vod,Cardiozen,Tertiary,No,,,,No,None,0,,Schedule next detail,1,30,005000000000000035,true,false,2026-08-02T09:55:00.000Z,iPad
a0B000000000000132,CALL-000132,001000000000000080,Hospital,General Practice,SE-01,US,2026-07-25,2026-07-25T12:10:00.000Z,Detail with Sample,Face_to_Face_vod,Submitted_vod,Oncaline,Secondary,Yes,Oncaline 10mg Sample,2,LOT-2025-04,Yes,Oncaline Phase III Data,2,Not Captured,Follow up on sample feedback,1,33,005000000000000032,true,false,2026-07-25T12:10:00.000Z,Browser
a0B000000000000133,CALL-000133,001000000000000167,HCP,Dermatology,APAC-AU-01,AU,2026-06-19,2026-06-19T14:25:00.000Z,Sample Only,Face_to_Face_vod,Submitted_vod,Dermiq,Tertiary,Yes,Dermiq 10mg Sample,1,LOT-2025-02,Yes,None,0,,Follow up on sample feedback,1,44,005000000000000026,true,false,2026-06-19T14:25:00.000Z,Browser
a0B000000000000134,CALL-000134,001000000000000065,HCP,Neurology,EU-DACH-01,DE,2026-07-02,2026-07-02T14:24:00.000Z,Group Detail,Face_to_Face_vod,Submitted_vod,Pulmora,Secondary,No,,,,No,Pulmora Patient Case,1,Positive,Revisit key messages,10,17,005000000000000010,true,false,2026-07-02T14:24:00.000Z,Windows
a0B000000000000135,CALL-000135,001000000000000072,HCP,Cardiology,EU-FR-01,FR,2026-08-12,2026-08-12T09:58:00.000Z,Group Detail,Face_to_Face_vod,Submitted_vod,Dermiq,Secondary,No,,,,No,Dermiq Launch Deck,5,Positive,Revisit key messages,9,19,005000000000000009,true,false,2026-08-12T09:58:00.000Z,iPad
a0B000000000000136,CALL-000136,001000000000000174,HCP,Dermatology,EU-DACH-01,DE,2026-08-11,2026-08-11T11:00:00.000Z,Sample Only,Face_to_Face_vod,Submitted_vod,Neurovia,Tertiary,Yes,Neurovia 10mg Sample,1,LOT-2025-09,No,None,0,,Follow up on sample feedback,1,23,005000000000000007,true,false,2026-08-11T11:00:00.000Z,Browser
a0B000000000000137,CALL-000137,001000000000000095,HCP,Dermatology,MW-01,US,2026-08-28,2026-08-28T12:48:00.000Z,Remote Detail,Video_vod,Saved_vod,Dermiq,Secondary,No,,,,No,None,0,,Schedule next detail,1,10,005000000000000025,true,true,2026-08-28T12:48:00.000Z,Windows
a0B000000000000138,CALL-000138,001000000000000127,Clinic,Pulmonology,EU-ES-01,ES,2026-08-10,2026-08-10T08:50:00.000Z,Detail Only,Face_to_Face_vod,Planned_vod,Pulmora,Tertiary,No,,,,No,None,0,,Schedule next detail,1,24,005000000000000034,true,true,2026-08-10T08:50:00.000Z,iPad
a0B000000000000139,CALL-000139,001000000000000161,HCP,Oncology,EU-UK-01,GB,2026-07-15,2026-07-15T10:52:00.000Z,Detail Only,Face_to_Face_vod,Saved_vod,Neurovia,Secondary,Yes,Neurovia 10mg Sample,1,LOT-2026-07,Yes,Neurovia Safety Profile,1,Negative,Follow up on sample feedback,1,20,005000000000000006,true,true,2026-07-15T10:52:00.000Z,iPhone
a0B000000000000140,CALL-000140,001000000000000139,HCP,Cardiology,LATAM-BR-01,BR,2026-06-07,2026-06-07T08:07:00.000Z,Detail Only,Face_to_Face_vod,Submitted_vod,Cardiozen,Primary,Yes,Cardiozen 10mg Sample,3,LOT-2025-07,Yes,Cardiozen Efficacy Deck,4,Not Captured,Follow up on sample feedback,1,37,005000000000000001,true,false,2026-06-07T08:07:00.000Z,iPad
a0B000000000000141,CALL-000141,001000000000000036,Clinic,Neurology,CA-ON-01,CA,2026-07-19,2026-07-19T16:03:00.000Z,Group Detail,Face_to_Face_vod,Submitted_vod,Dermiq,Secondary,No,,,,No,None,0,,Schedule next detail,8,15,005000000000000022,true,false,2026-07-19T16:03:00.000Z,iPad
a0B000000000000142,CALL-000142,001000000000000071,Hospital,Pulmonology,MW-01,US,2026-07-13,2026-07-13T10:31:00.000Z,Detail Only,Face_to_Face_vod,Submitted_vod,Cardiozen,Tertiary,No,,,,No,Cardiozen Dosing Guide,4,Positive,Revisit key messages,1,10,005000000000000036,true,false,2026-07-13T10:31:00.000Z,iPad
a0B000000000000143,CALL-000143,001000000000000008,Clinic,General Practice,EU-ES-01,ES,2026-08-23,2026-08-23T14:14:00.000Z,Sample Only,Face_to_Face_vod,Submitted_vod,Oncaline,Tertiary,Yes,Oncaline 10mg Sample,1,LOT-2025-10,Yes,None,0,,Follow up on sample feedback,1,33,005000000000000015,true,false,2026-08-23T14:14:00.000Z,Windows
a0B000000000000144,CALL-000144,001000000000000002,Pharmacy,Pulmonology,EU-FR-01,FR,2026-07-12,2026-07-12T11:46:00.000Z,Detail Only,Face_to_Face_vod,Submitted_vod,Oncaline,Primary,No,,,,No,Oncaline Phase III Data,3,Not Captured,Revisit key messages,1,27,005000000000000015,true,false,2026-07-12T11:46:00.000Z,Windows
a0B000000000000145,CALL-000145,001000000000000046,HCP,Cardiology,APAC-JP-01,JP,2026-08-27,2026-08-27T15:07:00.000Z,Detail with Sample,Face_to_Face_vod,Submitted_vod,Pulmora,Tertiary,Yes,Pulmora 10mg Sample,2,LOT-2025-06,Yes,None,0,,Follow up on sample feedback,1,33,005000000000000005,true,false,2026-08-27T15:07:00.000Z,iPad
a0B000000000000146,CALL-000146,001000000000000079,HCP,Cardiology,APAC-JP-01,JP,2026-07-29,2026-07-29T12:11:00.000Z,Detail Only,Face_to_Face_vod,Submitted_vod,Neurovia,Secondary,No,,,,No,None,0,,Schedule next detail,1,15,005000000000000023,true,false,2026-07-29T12:11:00.000Z,iPad
a0B000000000000147,CALL-000147,001000000000000016,HCP,Oncology,EU-FR-01,FR,2026-06-04,2026-06-04T11:05:00.000Z,Sample Only,Face_to_Face_vod,Submitted_vod,Cardiozen,Secondary,Yes,Cardiozen 10mg Sample,4,LOT-2025-11,No,None,0,,Follow up on sample feedback,1,31,005000000000000035,true,false,2026-06-04T11:05:00.000Z,iPad
a0B000000000000148,CALL-000148,001000000000000151,Clinic,Neurology,EU-UK-01,GB,2026-08-29,2026-08-29T16:39:00.000Z,Phone Call,Phone_vod,Planned_vod,Cardiozen,Secondary,No,,,,No,None,0,,Schedule next detail,1,9,005000000000000028,true,true,2026-08-29T16:39:00.000Z,iPad
a0B000000000000149,CALL-000149,001000000000000094,HCP,Internal Medicine,LATAM-BR-01,BR,2026-06-30,2026-06-30T10:18:00.000Z,Group Detail,Face_to_Face_vod,Submitted_vod,Dermiq,Tertiary,No,,,,No,Dermiq Launch Deck,6,Positive,Revisit key messages,8,11,005000000000000019,true,false,2026-06-30T10:18:00.000Z,iPad
a0B000000000000150,CALL-000150,001000000000000020,HCP,Cardiology,W-01,US,2026-07-09,2026-07-09T10:09:00.000Z,Detail with Sample,Face_to_Face_vod,Submitted_vod,Dermiq,Secondary,Yes,Dermiq 10mg Sample,4,LOT-2026-07,Yes,Dermiq Launch Deck,3,Positive,Follow up on sample feedback,1,15,005000000000000025,true,false,2026-07-09T10:09:00.000Z,iPad
a0B000000000000151,CALL-000151,001000000000000085,HCP,Neurology,APAC-JP-01,JP,2026-07-25,2026-07-25T10:25:00.000Z,Remote Detail,Video_vod,Submitted_vod,Pulmora,Tertiary,No,,,,No,Pulmora Patient Case,1,Positive,Revisit key messages,1,40,005000000000000031,true,false,2026-07-25T10:25:00.000Z,Browser
a0B000000000000152,CALL-000152,001000000000000068,HCP,Neurology,EU-FR-01,FR,2026-07-07,2026-07-07T14:22:00.000Z,Email,Email_vod,Submitted_vod,Oncaline,Secondary,No,,,,No,None,0,,Schedule next detail,1,0,005000000000000028,true,false,2026-07-07T14:22:00.000Z,Windows
a0B000000000000153,CALL-000153,001000000000000076,HCP,Neurology,NE-01,US,2026-08-02,2026-08-02T09:44:00.000Z,Email,Email_vod,Planned_vod,Dermiq,Tertiary,No,,,,No,None,0,,Schedule next detail,1,0,005000000000000029,true,true,2026-08-02T09:44:00.000Z,iPad
a0B000000000000154,CALL-000154,001000000000000032,HCP,Cardiology,APAC-JP-01,JP,2026-07-01,2026-07-01T08:59:00.000Z,Detail with Sample,Face_to_Face_vod,Submitted_vod,Oncaline,Tertiary,Yes,Oncaline 10mg Sample,1,LOT-2025-04,No,None,0,,Follow up on sample feedback,1,28,005000000000000037,true,false,2026-07-01T08:59:00.000Z,iPad
a0B000000000000155,CALL-000155,001000000000000130,HCP,Pulmonology,EU-DACH-01,DE,2026-07-25,2026-07-25T13:21:00.000Z,Detail Only,Face_to_Face_vod,Planned_vod,Cardiozen,Tertiary,No,,,,No,Cardiozen Dosing Guide,3,Neutral,Revisit key messages,1,13,005000000000000004,true,true,2026-07-25T13:21:00.000Z,iPad
a0B000000000000156,CALL-000156,001000000000000154,HCP,Cardiology,EU-DACH-01,DE,2026-07-13,2026-07-13T08:41:00.000Z,Product Discussion,Face_to_Face_vod,Submitted_vod,Pulmora,Primary,No,,,,No,None,0,,Schedule next detail,1,25,005000000000000006,true,false,2026-07-13T08:41:00.000Z,iPad
a0B000000000000157,CALL-000157,001000000000000178,HCP,Oncology,NE-01,US,2026-08-19,2026-08-19T08:16:00.000Z,Email,Email_vod,Submitted_vod,Neurovia,Primary,No,,,,No,None,0,,Schedule next detail,1,0,005000000000000020,true,false,2026-08-19T08:16:00.000Z,iPad
a0B000000000000158,CALL-000158,001000000000000093,HCP,Oncology,W-01,US,2026-08-17,2026-08-17T09:20:00.000Z,Detail with Sample,Face_to_Face_vod,Saved_vod,Pulmora,Tertiary,Yes,Pulmora 10mg Sample,3,LOT-2025-11,Yes,None,0,,Follow up on sample feedback,1,23,005000000000000010,true,true,2026-08-17T09:20:00.000Z,iPad
a0B000000000000159,CALL-000159,001000000000000120,HCP,Dermatology,EU-UK-01,GB,2026-08-10,2026-08-10T13:29:00.000Z,Detail Only,Face_to_Face_vod,Planned_vod,Neurovia,Primary,No,,,,No,None,0,,Schedule next detail,1,18,005000000000000001,true,true,2026-08-10T13:29:00.000Z,iPad
a0B000000000000160,CALL-000160,001000000000000090,HCP,General Practice,EU-DACH-01,DE,2026-06-08,2026-06-08T12:52:00.000Z,Sample Only,Face_to_Face_vod,Submitted_vod,Pulmora,Primary,Yes,Pulmora 10mg Sample,4,LOT-2026-01,No,None,0,,Follow up on sample feedback,1,10,005000000000000014,true,false,2026-06-08T12:52:00.000Z,Browser
a0B000000000000161,CALL-000161,001000000000000157,HCP,Internal Medicine,EU-UK-01,GB,2026-06-24,2026-06-24T08:38:00.000Z,Detail Only,Face_to_Face_vod,Saved_vod,Cardiozen,Primary,No,,,,No,None,0,,Schedule next detail,1,16,005000000000000016,true,true,2026-06-24T08:38:00.000Z,iPad
a0B000000000000162,CALL-000162,001000000000000084,Hospital,Oncology,SE-01,US,2026-06-03,2026-06-03T08:55:00.000Z,Sample Only,Face_to_Face_vod,Saved_vod,Cardiozen,Tertiary,Yes,Cardiozen 10mg Sample,3,LOT-2025-09,Yes,None,0,,Follow up on sample feedback,1,30,005000000000000024,true,true,2026-06-03T08:55:00.000Z,iPad
a0B000000000000163,CALL-000163,001000000000000059,HCP,Neurology,SE-01,US,2026-06-21,2026-06-21T13:50:00.000Z,Detail Only,Face_to_Face_vod,Planned_vod,Dermiq,Secondary,No,,,,No,None,0,,Schedule next detail,1,29,005000000000000027,true,true,2026-06-21T13:50:00.000Z,iPad
a0B000000000000164,CALL-000164,001000000000000112,Clinic,Dermatology,EU-IT-01,IT,2026-06-10,2026-06-10T13:56:00.000Z,Detail Only,Face_to_Face_vod,Submitted_vod,Cardiozen,Secondary,No,,,,No,Cardiozen Dosing Guide,2,Neutral,Revisit key messages,1,17,005000000000000023,true,false,2026-06-10T13:56:00.000Z,Browser
a0B000000000000165,CALL-000165,001000000000000167,HCP,Dermatology,SE-02,US,2026-07-20,2026-07-20T09:17:00.000Z,Detail Only,Face_to_Face_vod,Submitted_vod,Dermiq,Secondary,No,,,,No,None,0,,Schedule next detail,1,22,005000000000000027,true,false,2026-07-20T09:17:00.000Z,Windows
a0B000000000000166,CALL-000166,001000000000000164,HCP,Cardiology,CA-ON-01,CA,2026-07-01,2026-07-01T11:27:00.000Z,Detail with Sample,Face_to_Face_vod,Submitted_vod,Neurovia,Secondary,Yes,Neurovia 10mg Sample,1,LOT-2025-02,Yes,None,0,,Follow up on sample feedback,1,19,005000000000000005,true,false,2026-07-01T11:27:00.000Z,iPad
a0B000000000000167,CALL-000167,001000000000000070,Hospital,Neurology,LATAM-BR-01,BR,2026-07-31,2026-07-31T08:23:00.000Z,Detail Only,Face_to_Face_vod,Submitted_vod,Cardiozen,Secondary,No,,,,No,Cardiozen Dosing Guide,6,Neutral,Revisit key messages,1,41,005000000000000033,true,false,2026-07-31T08:23:00.000Z,iPad
a0B000000000000168,CALL-000168,001000000000000093,Hospital,Cardiology,EU-FR-01,FR,2026-06-14,2026-06-14T10:39:00.000Z,Detail Only,Face_to_Face_vod,Saved_vod,Cardiozen,Secondary,No,,,,No,None,0,,Schedule next detail,1,30,005000000000000037,true,true,2026-06-14T10:39:00.000Z,Browser
a0B000000000000169,CALL-000169,001000000000000038,HCP,Internal Medicine,EU-IT-01,IT,2026-07-02,2026-07-02T11:18:00.000Z,Phone Call,Phone_vod,Submitted_vod,Pulmora,Tertiary,No,,,,No,None,0,,Schedule next detail,1,13,005000000000000025,true,false,2026-07-02T11:18:00.000Z,iPad
a0B000000000000170,CALL-000170,001000000000000146,HCP,General Practice,CA-ON-01,CA,2026-08-18,2026-08-18T10:35:00.000Z,Detail Only,Face_to_Face_vod,Submitted_vod,Pulmora,Tertiary,No,,,,No,None,0,,Schedule next detail,1,11,005000000000000026,true,false,2026-08-18T10:35:00.000Z,Browser
a0B000000000000171,CALL-000171,001000000000000004,HCP,Neurology,CA-QC-01,CA,2026-06-06,2026-06-06T08:54:00.000Z,Detail with Sample,Face_to_Face_vod,Submitted_vod,Dermiq,Primary,Yes,Dermiq 10mg Sample,3,LOT-2026-01,Yes,None,0,,Follow up on sample feedback,1,45,005000000000000026,true,false,2026-06-06T08:54:00.000Z,iPhone
a0B000000000000172,CALL-000172,001000000000000039,Hospital,Internal Medicine,W-02,US,2026-07-14,2026-07-14T12:01:00.000Z,Phone Call,Phone_vod,Submitted_vod,Dermiq,Tertiary,No,,,,No,None,0,,Schedule next detail,1,12,005000000000000010,true,false,2026-07-14T12:01:00.000Z,Browser
a0B000000000000173,CALL-000173,001000000000000030,HCP,Dermatology,EU-DACH-01,DE,2026-07-20,2026-07-20T11:45:00.000Z,Remote Detail,Video_vod,Submitted_vod,Oncaline,Tertiary,No,,,,No,Oncaline Phase III Data,3,Positive,Revisit key messages,1,30,005000000000000006,true,false,2026-07-20T11:45:00.000Z,iPad
a0B000000000000174,CALL-000174,001000000000000121,Clinic,Dermatology,EU-FR-01,FR,2026-08-12,2026-08-12T12:16:00.000Z,Detail with Sample,Face_to_Face_vod,Submitted_vod,Neurovia,Tertiary,Yes,Neurovia 10mg Sample,3,LOT-2026-03,Yes,None,0,,Follow up on sample feedback,1,39,005000000000000008,true,false,2026-08-12T12:16:00.000Z,Windows
a0B000000000000175,CALL-000175,001000000000000014,Hospital,General Practice,APAC-AU-01,AU,2026-06-10,2026-06-10T10:01:00.000Z,Detail Only,Face_to_Face_vod,Submitted_vod,Neurovia,Tertiary,No,,,,No,None,0,,Schedule next detail,1,22,005000000000000018,true,false,2026-06-10T10:01:00.000Z,iPad
a0B000000000000176,CALL-000176,001000000000000156,HCP,General Practice,EU-UK-01,GB,2026-08-08,2026-08-08T14:09:00.000Z,Detail Only,Face_to_Face_vod,Submitted_vod,Neurovia,Primary,No,,,,No,Neurovia MoA Video,1,Positive,Revisit key messages,1,44,005000000000000013,true,false,2026-08-08T14:09:00.000Z,iPad
a0B000000000000177,CALL-000177,001000000000000177,HCP,Internal Medicine,LATAM-BR-01,BR,2026-07-30,2026-07-30T12:20:00.000Z,Sample Only,Face_to_Face_vod,Submitted_vod,Oncaline,Tertiary,Yes,Oncaline 10mg Sample,4,LOT-2025-10,No,None,0,,Follow up on sample feedback,1,19,005000000000000030,true,false,2026-07-30T12:20:00.000Z,iPad
a0B000000000000178,CALL-000178,001000000000000134,HCP,Dermatology,EU-UK-01,GB,2026-07-25,2026-07-25T10:46:00.000Z,Product Discussion,Face_to_Face_vod,Planned_vod,Pulmora,Tertiary,No,,,,No,None,0,,Schedule next detail,1,16,005000000000000003,true,true,2026-07-25T10:46:00.000Z,iPad
a0B000000000000179,CALL-000179,001000000000000056,HCP,General Practice,EU-UK-01,GB,2026-06-22,2026-06-22T16:45:00.000Z,Detail Only,Face_to_Face_vod,Submitted_vod,Dermiq,Secondary,No,,,,No,None,0,,Schedule next detail,1,29,005000000000000005,true,false,2026-06-22T16:45:00.000Z,iPhone
a0B000000000000180,CALL-000180,001000000000000126,HCP,Oncology,CA-QC-01,CA,2026-07-15,2026-07-15T09:04:00.000Z,Detail Only,Face_to_Face_vod,Planned_vod,Cardiozen,Tertiary,No,,,,No,Cardiozen Dosing Guide,3,Not Captured,Revisit key messages,1,16,005000000000000034,true,true,2026-07-15T09:04:00.000Z,Windows
a0B000000000000181,CALL-000181,001000000000000049,Hospital,Dermatology,CA-QC-01,CA,2026-08-17,2026-08-17T09:34:00.000Z,Group Detail,Face_to_Face_vod,Submitted_vod,Oncaline,Tertiary,No,,,,No,None,0,,Schedule next detail,8,13,005000000000000022,true,false,2026-08-17T09:34:00.000Z,iPad
a0B000000000000182,CALL-000182,001000000000000144,Hospital,Internal Medicine,EU-ES-01,ES,2026-07-17,2026-07-17T16:27:00.000Z,Remote Detail,Video_vod,Submitted_vod,Dermiq,Tertiary,No,,,,No,Dermiq Launch Deck,5,Positive,Revisit key messages,1,27,005000000000000033,true,false,2026-07-17T16:27:00.000Z,iPad
a0B000000000000183,CALL-000183,001000000000000025,HCP,Neurology,NE-01,US,2026-07-25,2026-07-25T16:00:00.000Z,Detail Only,Face_to_Face_vod,Submitted_vod,Dermiq,Tertiary,No,,,,No,None,0,,Schedule next detail,1,45,005000000000000037,true,false,2026-07-25T16:00:00.000Z,Windows
a0B000000000000184,CALL-000184,001000000000000042,Hospital,Internal Medicine,SE-01,US,2026-07-24,2026-07-24T13:12:00.000Z,Detail with Sample,Face_to_Face_vod,Submitted_vod,Neurovia,Tertiary,Yes,Neurovia 10mg Sample,3,LOT-2025-05,Yes,Neurovia Safety Profile,6,Negative,Follow up on sample feedback,1,40,005000000000000012,true,false,2026-07-24T13:12:00.000Z,iPad
a0B000000000000185,CALL-000185,001000000000000082,Hospital,General Practice,EU-FR-01,FR,2026-06-13,2026-06-13T12:02:00.000Z,Product Discussion,Face_to_Face_vod,Submitted_vod,Pulmora,Tertiary,No,,,,No,Pulmora Patient Case,1,Neutral,Revisit key messages,1,12,005000000000000023,true,false,2026-06-13T12:02:00.000Z,Windows
a0B000000000000186,CALL-000186,001000000000000038,HCP,Internal Medicine,MW-02,US,2026-07-02,2026-07-02T13:53:00.000Z,Group Detail,Face_to_Face_vod,Submitted_vod,Pulmora,Tertiary,No,,,,No,None,0,,Schedule next detail,5,24,005000000000000036,true,false,2026-07-02T13:53:00.000Z,iPad
a0B000000000000187,CALL-000187,001000000000000113,Pharmacy,Pulmonology,APAC-AU-01,AU,2026-06-27,2026-06-27T15:57:00.000Z,Detail with Sample,Face_to_Face_vod,Submitted_vod,Oncaline,Primary,Yes,Oncaline 10mg Sample,2,LOT-2025-01,No,None,0,,Follow up on sample feedback,1,38,005000000000000006,true,false,2026-06-27T15:57:00.000Z,iPad
a0B000000000000188,CALL-000188,001000000000000089,HCP,General Practice,EU-DACH-01,DE,2026-08-13,2026-08-13T13:55:00.000Z,Product Discussion,Face_to_Face_vod,Submitted_vod,Neurovia,Tertiary,No,,,,No,Neurovia Safety Profile,3,Positive,Revisit key messages,1,42,005000000000000016,true,false,2026-08-13T13:55:00.000Z,Windows
a0B000000000000189,CALL-000189,001000000000000042,Hospital,Neurology,SE-02,US,2026-07-14,2026-07-14T12:36:00.000Z,Sample Only,Face_to_Face_vod,Submitted_vod,Dermiq,Secondary,Yes,Dermiq 10mg Sample,4,LOT-2026-11,Yes,None,0,,Follow up on sample feedback,1,36,005000000000000002,true,false,2026-07-14T12:36:00.000Z,Browser
a0B000000000000190,CALL-000190,001000000000000139,HCP,General Practice,APAC-AU-01,AU,2026-06-06,2026-06-06T13:37:00.000Z,Remote Detail,Video_vod,Saved_vod,Dermiq,Primary,No,,,,No,Dermiq Launch Deck,6,Positive,Revisit key messages,1,34,005000000000000004,true,true,2026-06-06T13:37:00.000Z,Browser
a0B000000000000191,CALL-000191,001000000000000051,HCP,General Practice,CA-ON-01,CA,2026-06-11,2026-06-11T16:53:00.000Z,Product Discussion,Face_to_Face_vod,Submitted_vod,Neurovia,Tertiary,No,,,,No,Neurovia Safety Profile,5,Positive,Revisit key messages,1,29,005000000000000030,true,false,2026-06-11T16:53:00.000Z,Windows
a0B000000000000192,CALL-000192,001000000000000142,Clinic,Dermatology,APAC-AU-01,AU,2026-07-28,2026-07-28T16:49:00.000Z,Detail Only,Face_to_Face_vod,Submitted_vod,Pulmora,Primary,No,,,,No,Pulmora Patient Case,4,Neutral,Revisit key messages,1,45,005000000000000005,true,false,2026-07-28T16:49:00.000Z,Browser
a0B000000000000193,CALL-000193,001000000000000004,HCP,Oncology,MW-02,US,2026-08-17,2026-08-17T08:17:00.000Z,Product Discussion,Face_to_Face_vod,Submitted_vod,Neurovia,Primary,No,,,,No,Neurovia Safety Profile,6,Positive,Revisit key messages,1,40,005000000000000004,true,false,2026-08-17T08:17:00.000Z,iPad
a0B000000000000194,CALL-000194,001000000000000080,HCP,Neurology,EU-DACH-01,DE,2026-07-30,2026-07-30T08:58:00.000Z,Detail Only,Face_to_Face_vod,Saved_vod,Pulmora,Primary,No,,,,No,None,0,,Schedule next detail,1,26,005000000000000026,true,true,2026-07-30T08:58:00.000Z,iPad
a0B000000000000195,CALL-000195,001000000000000116,HCP,Internal Medicine,APAC-JP-01,JP,2026-06-25,2026-06-25T08:35:00.000Z,Phone Call,Phone_vod,Submitted_vod,Pulmora,Primary,No,,,,No,None,0,,Schedule next detail,1,12,005000000000000002,true,false,2026-06-25T08:35:00.000Z,Windows
a0B000000000000196,CALL-000196,001000000000000022,Clinic,Oncology,EU-UK-01,GB,2026-08-22,2026-08-22T09:48:00.000Z,Detail Only,Face_to_Face_vod,Planned_vod,Neurovia,Tertiary,No,,,,No,None,0,,Schedule next detail,1,30,005000000000000029,true,true,2026-08-22T09:48:00.000Z,Browser
a0B000000000000197,CALL-000197,001000000000000012,HCP,Dermatology,EU-DACH-01,DE,2026-07-04,2026-07-04T13:56:00.000Z,Remote Detail,Video_vod,Submitted_vod,Neurovia,Primary,No,,,,No,None,0,,Schedule next detail,1,19,005000000000000008,true,false,2026-07-04T13:56:00.000Z,Windows
a0B000000000000198,CALL-000198,001000000000000168,HCP,Pulmonology,APAC-JP-01,JP,2026-07-01,2026-07-01T12:11:00.000Z,Remote Detail,Video_vod,Submitted_vod,Oncaline,Primary,Yes,Oncaline 10mg Sample,1,LOT-2026-12,Yes,None,0,,Follow up on sample feedback,1,11,005000000000000001,true,false,2026-07-01T12:11:00.000Z,Browser
a0B000000000000199,CALL-000199,001000000000000117,Hospital,Pulmonology,CA-QC-01,CA,2026-07-30,2026-07-30T09:37:00.000Z,Remote Detail,Video_vod,Submitted_vod,Oncaline,Secondary,No,,,,No,None,0,,Schedule next detail,1,23,005000000000000015,true,false,2026-07-30T09:37:00.000Z,iPad
a0B000000000000200,CALL-000200,001000000000000013,HCP,Oncology,EU-IT-01,IT,2026-07-10,2026-07-10T15:14:00.000Z,Product Discussion,Face_to_Face_vod,Submitted_vod,Oncaline,Tertiary,No,,,,No,Oncaline Phase III Data,2,Not Captured,Revisit key messages,1,30,005000000000000018,true,false,2026-07-10T15:14:00.000Z,Browser
a0B000000000000201,CALL-000201,001000000000000022,HCP,General Practice,SE-02,US,2026-08-02,2026-08-02T12:10:00.000Z,Group Detail,Face_to_Face_vod,Planned_vod,Oncaline,Primary,No,,,,No,None,0,,Schedule next detail,6,22,005000000000000033,true,true,2026-08-02T12:10:00.000Z,iPad
a0B000000000000202,CALL-000202,001000000000000123,Hospital,Oncology,W-01,US,2026-07-14,2026-07-14T11:45:00.000Z,Detail Only,Face_to_Face_vod,Submitted_vod,Cardiozen,Primary,Yes,Cardiozen 10mg Sample,1,LOT-2025-01,Yes,Cardiozen Efficacy Deck,5,Positive,Follow up on sample feedback,1,16,005000000000000001,true,false,2026-07-14T11:45:00.000Z,iPad
a0B000000000000203,CALL-000203,001000000000000066,HCP,Neurology,EU-DACH-01,DE,2026-08-15,2026-08-15T15:55:00.000Z,Sample Only,Face_to_Face_vod,Submitted_vod,Cardiozen,Tertiary,Yes,Cardiozen 10mg Sample,2,LOT-2026-03,Yes,None,0,,Follow up on sample feedback,1,21,005000000000000001,true,false,2026-08-15T15:55:00.000Z,iPad
a0B000000000000204,CALL-000204,001000000000000026,HCP,General Practice,EU-IT-01,IT,2026-08-28,2026-08-28T10:04:00.000Z,Detail Only,Face_to_Face_vod,Submitted_vod,Oncaline,Secondary,No,,,,No,None,0,,Schedule next detail,1,16,005000000000000037,true,false,2026-08-28T10:04:00.000Z,iPad
a0B000000000000205,CALL-000205,001000000000000145,Hospital,Oncology,NE-02,US,2026-08-02,2026-08-02T10:50:00.000Z,Detail Only,Face_to_Face_vod,Saved_vod,Cardiozen,Primary,No,,,,No,Cardiozen Efficacy Deck,5,Neutral,Revisit key messages,1,34,005000000000000013,true,true,2026-08-02T10:50:00.000Z,Browser
a0B000000000000206,CALL-000206,001000000000000048,HCP,Internal Medicine,APAC-JP-01,JP,2026-08-03,2026-08-03T13:55:00.000Z,Group Detail,Face_to_Face_vod,Saved_vod,Dermiq,Tertiary,No,,,,No,None,0,,Schedule next detail,2,38,005000000000000018,true,true,2026-08-03T13:55:00.000Z,Browser
a0B000000000000207,CALL-000207,001000000000000057,HCP,Neurology,CA-ON-01,CA,2026-07-10,2026-07-10T16:43:00.000Z,Phone Call,Phone_vod,Submitted_vod,Neurovia,Primary,No,,,,No,None,0,,Schedule next detail,1,5,005000000000000009,true,false,2026-07-10T16:43:00.000Z,iPad
a0B000000000000208,CALL-000208,001000000000000180,HCP,Cardiology,EU-ES-01,ES,2026-07-14,2026-07-14T11:04:00.000Z,Detail with Sample,Face_to_Face_vod,Submitted_vod,Cardiozen,Tertiary,Yes,Cardiozen 10mg Sample,3,LOT-2025-10,No,None,0,,Follow up on sample feedback,1,33,005000000000000014,true,false,2026-07-14T11:04:00.000Z,iPad
a0B000000000000209,CALL-000209,001000000000000073,HCP,General Practice,EU-DACH-01,DE,2026-06-04,2026-06-04T11:26:00.000Z,Sample Only,Face_to_Face_vod,Submitted_vod,Pulmora,Tertiary,Yes,Pulmora 10mg Sample,3,LOT-2026-12,Yes,None,0,,Follow up on sample feedback,1,36,005000000000000032,true,false,2026-06-04T11:26:00.000Z,iPhone
a0B000000000000210,CALL-000210,001000000000000085,HCP,Pulmonology,W-02,US,2026-08-01,2026-08-01T08:06:00.000Z,Detail with Sample,Face_to_Face_vod,Submitted_vod,Dermiq,Secondary,Yes,Dermiq 10mg Sample,4,LOT-2026-04,Yes,None,0,,Follow up on sample feedback,1,39,005000000000000038,true,false,2026-08-01T08:06:00.000Z,Windows
a0B000000000000211,CALL-000211,001000000000000127,HCP,Pulmonology,CA-ON-01,CA,2026-08-12,2026-08-12T08:46:00.000Z,Detail with Sample,Face_to_Face_vod,Submitted_vod,Pulmora,Secondary,Yes,Pulmora 10mg Sample,1,LOT-2025-07,Yes,Pulmora Patient Case,4,Not Captured,Follow up on sample feedback,1,31,005000000000000024,true,false,2026-08-12T08:46:00.000Z,Windows
a0B000000000000212,CALL-000212,001000000000000167,HCP,Pulmonology,CA-ON-01,CA,2026-07-07,2026-07-07T13:19:00.000Z,Detail Only,Face_to_Face_vod,Saved_vod,Cardiozen,Secondary,No,,,,No,Cardiozen Dosing Guide,1,Positive,Revisit key messages,1,42,005000000000000004,true,true,2026-07-07T13:19:00.000Z,iPad
a0B000000000000213,CALL-000213,001000000000000078,Clinic,General Practice,LATAM-BR-01,BR,2026-08-26,2026-08-26T13:26:00.000Z,Detail Only,Face_to_Face_vod,Submitted_vod,Cardiozen,Secondary,No,,,,No,Cardiozen Dosing Guide,2,Positive,Revisit key messages,1,40,005000000000000004,true,false,2026-08-26T13:26:00.000Z,Windows
a0B000000000000214,CALL-000214,001000000000000153,HCP,Neurology,LATAM-BR-01,BR,2026-08-28,2026-08-28T10:17:00.000Z,Detail with Sample,Face_to_Face_vod,Planned_vod,Oncaline,Tertiary,Yes,Oncaline 10mg Sample,2,LOT-2026-02,Yes,None,0,,Follow up on sample feedback,1,26,005000000000000005,true,true,2026-08-28T10:17:00.000Z,iPhone
a0B000000000000215,CALL-000215,001000000000000045,HCP,Dermatology,CA-QC-01,CA,2026-07-18,2026-07-18T12:51:00.000Z,Detail Only,Face_to_Face_vod,Saved_vod,Cardiozen,Secondary,No,,,,No,None,0,,Schedule next detail,1,16,005000000000000023,true,true,2026-07-18T12:51:00.000Z,iPad
a0B000000000000216,CALL-000216,001000000000000158,HCP,Internal Medicine,EU-FR-01,FR,2026-07-12,2026-07-12T16:33:00.000Z,Detail Only,Face_to_Face_vod,Submitted_vod,Cardiozen,Tertiary,Yes,Cardiozen 10mg Sample,2,LOT-2026-01,Yes,Cardiozen Dosing Guide,2,Neutral,Follow up on sample feedback,1,19,005000000000000014,true,false,2026-07-12T16:33:00.000Z,iPad
a0B000000000000217,CALL-000217,001000000000000016,Hospital,General Practice,EU-DACH-01,DE,2026-08-08,2026-08-08T13:09:00.000Z,Detail Only,Face_to_Face_vod,Planned_vod,Dermiq,Primary,No,,,,No,Dermiq Launch Deck,6,Neutral,Revisit key messages,1,25,005000000000000016,true,true,2026-08-08T13:09:00.000Z,iPad
a0B000000000000218,CALL-000218,001000000000000163,Pharmacy,Oncology,EU-FR-01,FR,2026-08-04,2026-08-04T16:49:00.000Z,Group Detail,Face_to_Face_vod,Submitted_vod,Neurovia,Tertiary,No,,,,No,Neurovia MoA Video,1,Positive,Revisit key messages,10,18,005000000000000015,true,false,2026-08-04T16:49:00.000Z,Browser
a0B000000000000219,CALL-000219,001000000000000041,HCP,Dermatology,EU-FR-01,FR,2026-08-24,2026-08-24T11:04:00.000Z,Product Discussion,Face_to_Face_vod,Planned_vod,Neurovia,Primary,No,,,,No,Neurovia Safety Profile,3,Positive,Revisit key messages,1,13,005000000000000031,true,true,2026-08-24T11:04:00.000Z,iPad
a0B000000000000220,CALL-000220,001000000000000080,HCP,Oncology,MW-01,US,2026-08-13,2026-08-13T14:34:00.000Z,Product Discussion,Face_to_Face_vod,Submitted_vod,Neurovia,Primary,No,,,,No,None,0,,Schedule next detail,1,36,005000000000000020,true,false,2026-08-13T14:34:00.000Z,Browser
a0B000000000000221,CALL-000221,001000000000000076,HCP,General Practice,APAC-JP-01,JP,2026-08-03,2026-08-03T12:32:00.000Z,Detail Only,Face_to_Face_vod,Submitted_vod,Cardiozen,Tertiary,No,,,,No,None,0,,Schedule next detail,1,43,005000000000000011,true,false,2026-08-03T12:32:00.000Z,Windows
a0B000000000000222,CALL-000222,001000000000000118,Clinic,Pulmonology,SE-02,US,2026-08-19,2026-08-19T11:30:00.000Z,Remote Detail,Video_vod,Submitted_vod,Pulmora,Primary,No,,,,No,None,0,,Schedule next detail,1,31,005000000000000039,true,false,2026-08-19T11:30:00.000Z,Windows
a0B000000000000223,CALL-000223,001000000000000127,Clinic,Neurology,EU-UK-01,GB,2026-07-31,2026-07-31T12:05:00.000Z,Detail with Sample,Face_to_Face_vod,Submitted_vod,Cardiozen,Tertiary,Yes,Cardiozen 10mg Sample,3,LOT-2026-02,Yes,Cardiozen Dosing Guide,3,Not Captured,Follow up on sample feedback,1,19,005000000000000036,true,false,2026-07-31T12:05:00.000Z,iPad
a0B000000000000224,CALL-000224,001000000000000054,Hospital,Neurology,W-01,US,2026-07-22,2026-07-22T14:25:00.000Z,Detail with Sample,Face_to_Face_vod,Submitted_vod,Cardiozen,Tertiary,Yes,Cardiozen 10mg Sample,3,LOT-2025-07,Yes,None,0,,Follow up on sample feedback,1,24,005000000000000003,true,false,2026-07-22T14:25:00.000Z,Browser
a0B000000000000225,CALL-000225,001000000000000070,Hospital,Internal Medicine,SE-02,US,2026-08-22,2026-08-22T11:55:00.000Z,Detail with Sample,Face_to_Face_vod,Submitted_vod,Neurovia,Secondary,Yes,Neurovia 10mg Sample,1,LOT-2025-10,Yes,Neurovia Safety Profile,5,Positive,Follow up on sample feedback,1,41,005000000000000012,true,false,2026-08-22T11:55:00.000Z,iPhone
a0B000000000000226,CALL-000226,001000000000000051,HCP,Dermatology,EU-FR-01,FR,2026-08-01,2026-08-01T15:13:00.000Z,Detail Only,Face_to_Face_vod,Submitted_vod,Dermiq,Primary,No,,,,No,None,0,,Schedule next detail,1,27,005000000000000014,true,false,2026-08-01T15:13:00.000Z,iPad
a0B000000000000227,CALL-000227,001000000000000060,HCP,Cardiology,EU-DACH-01,DE,2026-08-03,2026-08-03T08:05:00.000Z,Group Detail,Face_to_Face_vod,Saved_vod,Cardiozen,Secondary,No,,,,No,Cardiozen Dosing Guide,2,Positive,Revisit key messages,7,30,005000000000000021,true,true,2026-08-03T08:05:00.000Z,iPad
a0B000000000000228,CALL-000228,001000000000000075,Pharmacy,Neurology,LATAM-BR-01,BR,2026-08-10,2026-08-10T15:14:00.000Z,Detail Only,Face_to_Face_vod,Submitted_vod,Dermiq,Primary,No,,,,No,Dermiq Launch Deck,4,Neutral,Revisit key messages,1,23,005000000000000034,true,false,2026-08-10T15:14:00.000Z,Windows
a0B000000000000229,CALL-000229,001000000000000009,HCP,General Practice,EU-IT-01,IT,2026-08-05,2026-08-05T16:20:00.000Z,Detail Only,Face_to_Face_vod,Saved_vod,Cardiozen,Secondary,No,,,,No,None,0,,Schedule next detail,1,42,005000000000000017,true,true,2026-08-05T16:20:00.000Z,iPad
a0B000000000000230,CALL-000230,001000000000000137,Hospital,Neurology,EU-ES-01,ES,2026-06-13,2026-06-13T16:55:00.000Z,Detail Only,Face_to_Face_vod,Planned_vod,Neurovia,Tertiary,No,,,,No,None,0,,Schedule next detail,1,19,005000000000000019,true,true,2026-06-13T16:55:00.000Z,Browser
a0B000000000000231,CALL-000231,001000000000000158,HCP,Oncology,LATAM-BR-01,BR,2026-08-07,2026-08-07T16:04:00.000Z,Detail Only,Face_to_Face_vod,Submitted_vod,Oncaline,Secondary,No,,,,No,None,0,,Schedule next detail,1,30,005000000000000036,true,false,2026-08-07T16:04:00.000Z,iPad
a0B000000000000232,CALL-000232,001000000000000137,Hospital,Oncology,EU-UK-01,GB,2026-08-10,2026-08-10T08:32:00.000Z,Detail with Sample,Face_to_Face_vod,Planned_vod,Oncaline,Primary,Yes,Oncaline 10mg Sample,3,LOT-2025-11,No,Oncaline Phase III Data,5,Positive,Follow up on sample feedback,1,38,005000000000000023,true,true,2026-08-10T08:32:00.000Z,iPhone
a0B000000000000233,CALL-000233,001000000000000058,HCP,Oncology,MW-01,US,2026-06-27,2026-06-27T12:05:00.000Z,Detail with Sample,Face_to_Face_vod,Submitted_vod,Oncaline,Secondary,Yes,Oncaline 10mg Sample,2,LOT-2026-01,Yes,None,0,,Follow up on sample feedback,1,38,005000000000000028,true,false,2026-06-27T12:05:00.000Z,Windows
a0B000000000000234,CALL-000234,001000000000000140,HCP,General Practice,NE-02,US,2026-08-07,2026-08-07T11:37:00.000Z,Group Detail,Face_to_Face_vod,Submitted_vod,Neurovia,Primary,No,,,,No,Neurovia MoA Video,1,Positive,Revisit key messages,2,37,005000000000000006,true,false,2026-08-07T11:37:00.000Z,Windows
a0B000000000000235,CALL-000235,001000000000000053,Clinic,Oncology,EU-IT-01,IT,2026-08-04,2026-08-04T16:12:00.000Z,Sample Only,Face_to_Face_vod,Submitted_vod,Cardiozen,Tertiary,Yes,Cardiozen 10mg Sample,3,LOT-2025-06,No,None,0,,Follow up on sample feedback,1,20,005000000000000040,true,false,2026-08-04T16:12:00.000Z,iPad
a0B000000000000236,CALL-000236,001000000000000133,Clinic,Oncology,CA-QC-01,CA,2026-06-12,2026-06-12T12:19:00.000Z,Detail with Sample,Face_to_Face_vod,Submitted_vod,Pulmora,Tertiary,Yes,Pulmora 10mg Sample,1,LOT-2026-10,Yes,None,0,,Follow up on sample feedback,1,12,005000000000000002,true,false,2026-06-12T12:19:00.000Z,iPhone
a0B000000000000237,CALL-000237,001000000000000157,HCP,General Practice,EU-DACH-01,DE,2026-08-28,2026-08-28T12:47:00.000Z,Group Detail,Face_to_Face_vod,Submitted_vod,Dermiq,Tertiary,No,,,,No,Dermiq Launch Deck,6,Not Captured,Revisit key messages,5,24,005000000000000024,true,false,2026-08-28T12:47:00.000Z,iPad
a0B000000000000238,CALL-000238,001000000000000161,Clinic,Pulmonology,EU-UK-01,GB,2026-08-21,2026-08-21T10:39:00.000Z,Detail Only,Face_to_Face_vod,Submitted_vod,Pulmora,Secondary,No,,,,No,None,0,,Schedule next detail,1,12,005000000000000023,true,false,2026-08-21T10:39:00.000Z,iPad
a0B000000000000239,CALL-000239,001000000000000139,Clinic,Neurology,EU-FR-01,FR,2026-06-05,2026-06-05T12:47:00.000Z,Detail with Sample,Face_to_Face_vod,Submitted_vod,Pulmora,Primary,Yes,Pulmora 10mg Sample,1,LOT-2025-02,No,None,0,,Follow up on sample feedback,1,29,005000000000000029,true,false,2026-06-05T12:47:00.000Z,iPad
a0B000000000000240,CALL-000240,001000000000000110,HCP,Internal Medicine,EU-DACH-01,DE,2026-06-08,2026-06-08T13:15:00.000Z,Remote Detail,Video_vod,Saved_vod,Neurovia,Primary,No,,,,No,Neurovia MoA Video,5,Positive,Revisit key messages,1,21,005000000000000009,true,true,2026-06-08T13:15:00.000Z,iPhone
a0B000000000000241,CALL-000241,001000000000000053,Pharmacy,Oncology,CA-QC-01,CA,2026-06-22,2026-06-22T11:50:00.000Z,Group Detail,Face_to_Face_vod,Submitted_vod,Dermiq,Tertiary,No,,,,No,None,0,,Schedule next detail,5,38,005000000000000006,true,false,2026-06-22T11:50:00.000Z,iPad
a0B000000000000242,CALL-000242,001000000000000010,HCP,Oncology,EU-IT-01,IT,2026-07-24,2026-07-24T14:14:00.000Z,Sample Only,Face_to_Face_vod,Submitted_vod,Pulmora,Secondary,Yes,Pulmora 10mg Sample,4,LOT-2026-08,No,None,0,,Follow up on sample feedback,1,28,005000000000000034,true,false,2026-07-24T14:14:00.000Z,iPad
a0B000000000000243,CALL-000243,001000000000000138,HCP,Oncology,EU-IT-01,IT,2026-08-13,2026-08-13T09:27:00.000Z,Phone Call,Phone_vod,Submitted_vod,Dermiq,Tertiary,No,,,,No,None,0,,Schedule next detail,1,11,005000000000000037,true,false,2026-08-13T09:27:00.000Z,Browser
a0B000000000000244,CALL-000244,001000000000000053,Hospital,General Practice,EU-FR-01,FR,2026-08-18,2026-08-18T15:40:00.000Z,Product Discussion,Face_to_Face_vod,Submitted_vod,Oncaline,Tertiary,No,,,,No,None,0,,Schedule next detail,1,18,005000000000000003,true,false,2026-08-18T15:40:00.000Z,iPad
a0B000000000000245,CALL-000245,001000000000000080,HCP,Pulmonology,MW-02,US,2026-06-06,2026-06-06T08:09:00.000Z,Remote Detail,Video_vod,Submitted_vod,Oncaline,Primary,No,,,,No,None,0,,Schedule next detail,1,29,005000000000000020,true,false,2026-06-06T08:09:00.000Z,Browser
a0B000000000000246,CALL-000246,001000000000000171,Clinic,Neurology,EU-IT-01,IT,2026-07-19,2026-07-19T09:40:00.000Z,Detail with Sample,Face_to_Face_vod,Submitted_vod,Dermiq,Secondary,Yes,Dermiq 10mg Sample,1,LOT-2026-11,No,None,0,,Follow up on sample feedback,1,34,005000000000000040,true,false,2026-07-19T09:40:00.000Z,iPad
a0B000000000000247,CALL-000247,001000000000000014,HCP,Dermatology,SE-02,US,2026-07-25,2026-07-25T13:23:00.000Z,Group Detail,Face_to_Face_vod,Submitted_vod,Cardiozen,Secondary,No,,,,No,None,0,,Schedule next detail,9,26,005000000000000019,true,false,2026-07-25T13:23:00.000Z,Browser
a0B000000000000248,CALL-000248,001000000000000172,HCP,Pulmonology,SE-02,US,2026-06-27,2026-06-27T15:19:00.000Z,Phone Call,Phone_vod,Submitted_vod,Pulmora,Tertiary,No,,,,No,None,0,,Schedule next detail,1,10,005000000000000007,true,false,2026-06-27T15:19:00.000Z,Windows
a0B000000000000249,CALL-000249,001000000000000163,HCP,Neurology,CA-QC-01,CA,2026-06-28,2026-06-28T12:20:00.000Z,Group Detail,Face_to_Face_vod,Submitted_vod,Oncaline,Secondary,No,,,,No,None,0,,Schedule next detail,8,21,005000000000000016,true,false,2026-06-28T12:20:00.000Z,iPad
a0B000000000000250,CALL-000250,001000000000000103,Clinic,Internal Medicine,LATAM-BR-01,BR,2026-08-26,2026-08-26T14:58:00.000Z,Detail with Sample,Face_to_Face_vod,Saved_vod,Cardiozen,Secondary,Yes,Cardiozen 10mg Sample,1,LOT-2025-11,Yes,None,0,,Follow up on sample feedback,1,44,005000000000000014,true,true,2026-08-26T14:58:00.000Z,iPad
a0B000000000000251,CALL-000251,001000000000000157,Pharmacy,Dermatology,EU-FR-01,FR,2026-06-19,2026-06-19T16:22:00.000Z,Detail Only,Face_to_Face_vod,Submitted_vod,Dermiq,Primary,No,,,,No,Dermiq Launch Deck,5,Positive,Revisit key messages,1,36,005000000000000034,true,false,2026-06-19T16:22:00.000Z,iPad
a0B000000000000252,CALL-000252,001000000000000060,Hospital,Oncology,NE-02,US,2026-08-27,2026-08-27T14:19:00.000Z,Detail with Sample,Face_to_Face_vod,Planned_vod,Pulmora,Secondary,Yes,Pulmora 10mg Sample,2,LOT-2025-09,Yes,Pulmora Patient Case,4,Not Captured,Follow up on sample feedback,1,42,005000000000000036,true,true,2026-08-27T14:19:00.000Z,iPad
a0B000000000000253,CALL-000253,001000000000000019,HCP,Dermatology,LATAM-BR-01,BR,2026-06-14,2026-06-14T11:41:00.000Z,Group Detail,Face_to_Face_vod,Saved_vod,Pulmora,Secondary,No,,,,No,Pulmora Patient Case,4,Negative,Revisit key messages,2,36,005000000000000017,true,true,2026-06-14T11:41:00.000Z,iPad
a0B000000000000254,CALL-000254,001000000000000004,HCP,Oncology,LATAM-BR-01,BR,2026-07-16,2026-07-16T08:26:00.000Z,Remote Detail,Video_vod,Submitted_vod,Neurovia,Tertiary,No,,,,No,Neurovia MoA Video,5,Positive,Revisit key messages,1,19,005000000000000016,true,false,2026-07-16T08:26:00.000Z,iPad
a0B000000000000255,CALL-000255,001000000000000031,Clinic,Cardiology,CA-QC-01,CA,2026-08-12,2026-08-12T08:40:00.000Z,Detail with Sample,Face_to_Face_vod,Submitted_vod,Dermiq,Primary,Yes,Dermiq 10mg Sample,3,LOT-2025-02,Yes,None,0,,Follow up on sample feedback,1,24,005000000000000040,true,false,2026-08-12T08:40:00.000Z,iPad
a0B000000000000256,CALL-000256,001000000000000108,Pharmacy,Neurology,W-01,US,2026-06-03,2026-06-03T11:04:00.000Z,Product Discussion,Face_to_Face_vod,Submitted_vod,Oncaline,Secondary,No,,,,No,None,0,,Schedule next detail,1,20,005000000000000020,true,false,2026-06-03T11:04:00.000Z,iPhone
a0B000000000000257,CALL-000257,001000000000000007,HCP,General Practice,EU-FR-01,FR,2026-07-18,2026-07-18T15:00:00.000Z,Detail with Sample,Face_to_Face_vod,Submitted_vod,Pulmora,Primary,Yes,Pulmora 10mg Sample,3,LOT-2026-05,No,None,0,,Follow up on sample feedback,1,32,005000000000000004,true,false,2026-07-18T15:00:00.000Z,iPad
a0B000000000000258,CALL-000258,001000000000000065,HCP,Oncology,EU-DACH-01,DE,2026-06-09,2026-06-09T16:35:00.000Z,Detail with Sample,Face_to_Face_vod,Submitted_vod,Dermiq,Secondary,Yes,Dermiq 10mg Sample,4,LOT-2026-01,Yes,None,0,,Follow up on sample feedback,1,39,005000000000000005,true,false,2026-06-09T16:35:00.000Z,Windows
a0B000000000000259,CALL-000259,001000000000000103,Pharmacy,Cardiology,EU-ES-01,ES,2026-08-29,2026-08-29T14:34:00.000Z,Detail Only,Face_to_Face_vod,Submitted_vod,Dermiq,Tertiary,No,,,,No,Dermiq Launch Deck,3,Positive,Revisit key messages,1,34,005000000000000009,true,false,2026-08-29T14:34:00.000Z,iPad
a0B000000000000260,CALL-000260,001000000000000104,HCP,Dermatology,APAC-AU-01,AU,2026-07-27,2026-07-27T15:35:00.000Z,Detail with Sample,Face_to_Face_vod,Submitted_vod,Dermiq,Secondary,Yes,Dermiq 10mg Sample,1,LOT-2026-07,No,None,0,,Follow up on sample feedback,1,31,005000000000000034,true,false,2026-07-27T15:35:00.000Z,Browser
a0B000000000000261,CALL-000261,001000000000000170,Clinic,Internal Medicine,SE-01,US,2026-06-21,2026-06-21T08:48:00.000Z,Group Detail,Face_to_Face_vod,Submitted_vod,Cardiozen,Primary,No,,,,No,None,0,,Schedule next detail,5,14,005000000000000001,true,false,2026-06-21T08:48:00.000Z,iPad
a0B000000000000262,CALL-000262,001000000000000146,HCP,Pulmonology,EU-FR-01,FR,2026-08-26,2026-08-26T14:55:00.000Z,Detail Only,Face_to_Face_vod,Submitted_vod,Neurovia,Primary,No,,,,No,Neurovia MoA Video,2,Not Captured,Revisit key messages,1,13,005000000000000001,true,false,2026-08-26T14:55:00.000Z,Browser
a0B000000000000263,CALL-000263,001000000000000167,HCP,Internal Medicine,NE-02,US,2026-08-17,2026-08-17T15:42:00.000Z,Detail Only,Face_to_Face_vod,Submitted_vod,Cardiozen,Secondary,No,,,,No,Cardiozen Efficacy Deck,3,Neutral,Revisit key messages,1,32,005000000000000026,true,false,2026-08-17T15:42:00.000Z,iPhone
a0B000000000000264,CALL-000264,001000000000000009,Pharmacy,Pulmonology,APAC-JP-01,JP,2026-08-03,2026-08-03T08:31:00.000Z,Detail Only,Face_to_Face_vod,Submitted_vod,Pulmora,Tertiary,No,,,,No,None,0,,Schedule next detail,1,16,005000000000000035,true,false,2026-08-03T08:31:00.000Z,iPad
a0B000000000000265,CALL-000265,001000000000000158,Clinic,Pulmonology,SE-02,US,2026-07-29,2026-07-29T14:01:00.000Z,Email,Email_vod,Submitted_vod,Oncaline,Primary,No,,,,No,None,0,,Schedule next detail,1,0,005000000000000002,true,false,2026-07-29T14:01:00.000Z,iPad
a0B000000000000266,CALL-000266,001000000000000148,Hospital,Oncology,CA-QC-01,CA,2026-06-22,2026-06-22T10:08:00.000Z,Group Detail,Face_to_Face_vod,Submitted_vod,Cardiozen,Tertiary,No,,,,No,None,0,,Schedule next detail,3,38,005000000000000023,true,false,2026-06-22T10:08:00.000Z,iPad
a0B000000000000267,CALL-000267,001000000000000105,Clinic,Neurology,LATAM-BR-01,BR,2026-06-06,2026-06-06T08:09:00.000Z,Remote Detail,Video_vod,Planned_vod,Cardiozen,Primary,Yes,Cardiozen 10mg Sample,2,LOT-2026-10,Yes,Cardiozen Dosing Guide,2,Positive,Follow up on sample feedback,1,30,005000000000000001,true,true,2026-06-06T08:09:00.000Z,iPad
a0B000000000000268,CALL-000268,001000000000000124,Clinic,Pulmonology,EU-FR-01,FR,2026-06-12,2026-06-12T14:27:00.000Z,Detail with Sample,Face_to_Face_vod,Saved_vod,Neurovia,Secondary,Yes,Neurovia 10mg Sample,4,LOT-2026-01,No,Neurovia Safety Profile,6,Positive,Follow up on sample feedback,1,39,005000000000000019,true,true,2026-06-12T14:27:00.000Z,iPad
a0B000000000000269,CALL-000269,001000000000000083,HCP,Neurology,APAC-JP-01,JP,2026-07-25,2026-07-25T11:28:00.000Z,Remote Detail,Video_vod,Submitted_vod,Neurovia,Tertiary,No,,,,No,None,0,,Schedule next detail,1,26,005000000000000035,true,false,2026-07-25T11:28:00.000Z,iPad
a0B000000000000270,CALL-000270,001000000000000175,HCP,Pulmonology,MW-02,US,2026-06-07,2026-06-07T16:06:00.000Z,Detail with Sample,Face_to_Face_vod,Submitted_vod,Neurovia,Tertiary,Yes,Neurovia 10mg Sample,2,LOT-2026-05,Yes,None,0,,Follow up on sample feedback,1,34,005000000000000011,true,false,2026-06-07T16:06:00.000Z,iPad
a0B000000000000271,CALL-000271,001000000000000096,Pharmacy,Cardiology,EU-DACH-01,DE,2026-06-04,2026-06-04T13:49:00.000Z,Detail with Sample,Face_to_Face_vod,Saved_vod,Dermiq,Primary,Yes,Dermiq 10mg Sample,1,LOT-2025-10,No,Dermiq Launch Deck,5,Not Captured,Follow up on sample feedback,1,39,005000000000000040,true,true,2026-06-04T13:49:00.000Z,iPad
a0B000000000000272,CALL-000272,001000000000000067,HCP,Internal Medicine,EU-FR-01,FR,2026-08-04,2026-08-04T11:47:00.000Z,Group Detail,Face_to_Face_vod,Submitted_vod,Pulmora,Secondary,No,,,,No,Pulmora Patient Case,5,Positive,Revisit key messages,2,42,005000000000000011,true,false,2026-08-04T11:47:00.000Z,Browser
a0B000000000000273,CALL-000273,001000000000000174,Pharmacy,Neurology,APAC-AU-01,AU,2026-08-09,2026-08-09T08:47:00.000Z,Group Detail,Face_to_Face_vod,Submitted_vod,Oncaline,Secondary,No,,,,No,Oncaline Phase III Data,3,Positive,Revisit key messages,10,22,005000000000000039,true,false,2026-08-09T08:47:00.000Z,iPad
a0B000000000000274,CALL-000274,001000000000000067,HCP,Cardiology,MW-01,US,2026-06-02,2026-06-02T12:16:00.000Z,Detail Only,Face_to_Face_vod,Submitted_vod,Cardiozen,Primary,No,,,,No,None,0,,Schedule next detail,1,11,005000000000000015,true,false,2026-06-02T12:16:00.000Z,iPad
a0B000000000000275,CALL-000275,001000000000000007,Hospital,Cardiology,SE-01,US,2026-07-31,2026-07-31T12:25:00.000Z,Email,Email_vod,Saved_vod,Neurovia,Primary,No,,,,No,None,0,,Schedule next detail,1,0,005000000000000010,true,true,2026-07-31T12:25:00.000Z,iPad
a0B000000000000276,CALL-000276,001000000000000137,Hospital,Pulmonology,APAC-JP-01,JP,2026-07-31,2026-07-31T08:09:00.000Z,Product Discussion,Face_to_Face_vod,Submitted_vod,Dermiq,Secondary,No,,,,No,None,0,,Schedule next detail,1,15,005000000000000009,true,false,2026-07-31T08:09:00.000Z,Browser
a0B000000000000277,CALL-000277,001000000000000090,Hospital,Cardiology,APAC-JP-01,JP,2026-07-05,2026-07-05T11:36:00.000Z,Detail with Sample,Face_to_Face_vod,Submitted_vod,Cardiozen,Primary,Yes,Cardiozen 10mg Sample,4,LOT-2025-04,No,None,0,,Follow up on sample feedback,1,19,005000000000000019,true,false,2026-07-05T11:36:00.000Z,Windows
a0B000000000000278,CALL-000278,001000000000000075,HCP,Neurology,EU-IT-01,IT,2026-08-12,2026-08-12T12:24:00.000Z,Detail Only,Face_to_Face_vod,Saved_vod,Oncaline,Primary,No,,,,No,None,0,,Schedule next detail,1,12,005000000000000034,true,true,2026-08-12T12:24:00.000Z,Windows
a0B000000000000279,CALL-000279,001000000000000085,HCP,Dermatology,APAC-JP-01,JP,2026-06-05,2026-06-05T12:57:00.000Z,Product Discussion,Face_to_Face_vod,Submitted_vod,Oncaline,Primary,No,,,,No,None,0,,Schedule next detail,1,19,005000000000000013,true,false,2026-06-05T12:57:00.000Z,Windows
a0B000000000000280,CALL-000280,001000000000000103,HCP,General Practice,SE-01,US,2026-08-18,2026-08-18T16:22:00.000Z,Product Discussion,Face_to_Face_vod,Submitted_vod,Pulmora,Secondary,No,,,,No,None,0,,Schedule next detail,1,34,005000000000000029,true,false,2026-08-18T16:22:00.000Z,Windows
a0B000000000000281,CALL-000281,001000000000000036,Hospital,Internal Medicine,CA-ON-01,CA,2026-06-27,2026-06-27T14:38:00.000Z,Detail Only,Face_to_Face_vod,Submitted_vod,Oncaline,Secondary,No,,,,No,Oncaline Phase III Data,5,Not Captured,Revisit key messages,1,41,005000000000000001,true,false,2026-06-27T14:38:00.000Z,Browser
a0B000000000000282,CALL-000282,001000000000000164,HCP,General Practice,EU-UK-01,GB,2026-06-02,2026-06-02T14:23:00.000Z,Detail Only,Face_to_Face_vod,Submitted_vod,Dermiq,Primary,No,,,,No,None,0,,Schedule next detail,1,24,005000000000000023,true,false,2026-06-02T14:23:00.000Z,iPad
a0B000000000000283,CALL-000283,001000000000000135,HCP,General Practice,APAC-AU-01,AU,2026-08-18,2026-08-18T13:34:00.000Z,Remote Detail,Video_vod,Submitted_vod,Cardiozen,Secondary,No,,,,No,None,0,,Schedule next detail,1,26,005000000000000019,true,false,2026-08-18T13:34:00.000Z,Windows
a0B000000000000284,CALL-000284,001000000000000082,HCP,General Practice,W-02,US,2026-08-29,2026-08-29T10:44:00.000Z,Product Discussion,Face_to_Face_vod,Saved_vod,Pulmora,Primary,No,,,,No,None,0,,Schedule next detail,1,21,005000000000000007,true,true,2026-08-29T10:44:00.000Z,Browser
a0B000000000000285,CALL-000285,001000000000000169,HCP,Cardiology,EU-IT-01,IT,2026-07-06,2026-07-06T16:44:00.000Z,Detail Only,Face_to_Face_vod,Submitted_vod,Oncaline,Tertiary,No,,,,No,Oncaline Phase III Data,1,Positive,Revisit key messages,1,33,005000000000000017,true,false,2026-07-06T16:44:00.000Z,iPad
a0B000000000000286,CALL-000286,001000000000000135,Hospital,Dermatology,NE-01,US,2026-08-06,2026-08-06T09:07:00.000Z,Detail Only,Face_to_Face_vod,Submitted_vod,Oncaline,Tertiary,No,,,,No,None,0,,Schedule next detail,1,16,005000000000000037,true,false,2026-08-06T09:07:00.000Z,iPad
a0B000000000000287,CALL-000287,001000000000000101,HCP,Dermatology,W-01,US,2026-06-28,2026-06-28T08:06:00.000Z,Sample Only,Face_to_Face_vod,Submitted_vod,Pulmora,Primary,Yes,Pulmora 10mg Sample,4,LOT-2026-10,Yes,None,0,,Follow up on sample feedback,1,13,005000000000000037,true,false,2026-06-28T08:06:00.000Z,Browser
a0B000000000000288,CALL-000288,001000000000000117,Clinic,Pulmonology,EU-ES-01,ES,2026-07-24,2026-07-24T10:35:00.000Z,Detail Only,Face_to_Face_vod,Submitted_vod,Dermiq,Primary,No,,,,No,Dermiq Launch Deck,4,Neutral,Revisit key messages,1,42,005000000000000040,true,false,2026-07-24T10:35:00.000Z,iPad
a0B000000000000289,CALL-000289,001000000000000073,HCP,Dermatology,MW-01,US,2026-06-03,2026-06-03T13:07:00.000Z,Detail Only,Face_to_Face_vod,Planned_vod,Cardiozen,Secondary,No,,,,No,None,0,,Schedule next detail,1,32,005000000000000022,true,true,2026-06-03T13:07:00.000Z,iPad
a0B000000000000290,CALL-000290,001000000000000062,Hospital,Neurology,APAC-JP-01,JP,2026-07-19,2026-07-19T13:40:00.000Z,Product Discussion,Face_to_Face_vod,Submitted_vod,Oncaline,Primary,No,,,,No,None,0,,Schedule next detail,1,24,005000000000000016,true,false,2026-07-19T13:40:00.000Z,Browser
a0B000000000000291,CALL-000291,001000000000000026,Clinic,Neurology,NE-02,US,2026-07-28,2026-07-28T14:30:00.000Z,Detail with Sample,Face_to_Face_vod,Submitted_vod,Oncaline,Secondary,Yes,Oncaline 10mg Sample,3,LOT-2026-04,Yes,Oncaline Phase III Data,4,Positive,Follow up on sample feedback,1,26,005000000000000010,true,false,2026-07-28T14:30:00.000Z,iPad
a0B000000000000292,CALL-000292,001000000000000155,HCP,Dermatology,W-02,US,2026-08-27,2026-08-27T08:06:00.000Z,Detail Only,Face_to_Face_vod,Planned_vod,Pulmora,Primary,No,,,,No,Pulmora Patient Case,4,Not Captured,Revisit key messages,1,17,005000000000000039,true,true,2026-08-27T08:06:00.000Z,iPad
a0B000000000000293,CALL-000293,001000000000000116,HCP,Neurology,W-02,US,2026-08-20,2026-08-20T14:49:00.000Z,Phone Call,Phone_vod,Submitted_vod,Neurovia,Primary,No,,,,No,None,0,,Schedule next detail,1,11,005000000000000040,true,false,2026-08-20T14:49:00.000Z,Browser
a0B000000000000294,CALL-000294,001000000000000048,Pharmacy,General Practice,APAC-AU-01,AU,2026-08-06,2026-08-06T11:24:00.000Z,Detail with Sample,Face_to_Face_vod,Submitted_vod,Neurovia,Tertiary,Yes,Neurovia 10mg Sample,2,LOT-2025-06,No,None,0,,Follow up on sample feedback,1,35,005000000000000039,true,false,2026-08-06T11:24:00.000Z,iPad
a0B000000000000295,CALL-000295,001000000000000169,Clinic,Cardiology,EU-ES-01,ES,2026-06-06,2026-06-06T16:59:00.000Z,Detail Only,Face_to_Face_vod,Submitted_vod,Cardiozen,Secondary,No,,,,No,None,0,,Schedule next detail,1,44,005000000000000004,true,false,2026-06-06T16:59:00.000Z,Browser
a0B000000000000296,CALL-000296,001000000000000137,Hospital,Neurology,CA-ON-01,CA,2026-08-16,2026-08-16T09:37:00.000Z,Remote Detail,Video_vod,Submitted_vod,Cardiozen,Tertiary,No,,,,No,None,0,,Schedule next detail,1,23,005000000000000010,true,false,2026-08-16T09:37:00.000Z,iPhone
a0B000000000000297,CALL-000297,001000000000000155,Clinic,Oncology,MW-02,US,2026-06-30,2026-06-30T10:35:00.000Z,Detail Only,Face_to_Face_vod,Saved_vod,Cardiozen,Primary,No,,,,No,Cardiozen Efficacy Deck,6,Negative,Revisit key messages,1,21,005000000000000004,true,true,2026-06-30T10:35:00.000Z,Windows
a0B000000000000298,CALL-000298,001000000000000021,HCP,Cardiology,APAC-JP-01,JP,2026-08-22,2026-08-22T15:38:00.000Z,Remote Detail,Video_vod,Submitted_vod,Oncaline,Tertiary,No,,,,No,Oncaline Phase III Data,6,Neutral,Revisit key messages,1,15,005000000000000023,true,false,2026-08-22T15:38:00.000Z,iPad
a0B000000000000299,CALL-000299,001000000000000010,Pharmacy,Cardiology,EU-ES-01,ES,2026-07-02,2026-07-02T12:00:00.000Z,Phone Call,Phone_vod,Submitted_vod,Pulmora,Tertiary,No,,,,No,None,0,,Schedule next detail,1,15,005000000000000012,true,false,2026-07-02T12:00:00.000Z,iPad
a0B000000000000300,CALL-000300,001000000000000094,HCP,General Practice,W-01,US,2026-06-22,2026-06-22T13:43:00.000Z,Email,Email_vod,Submitted_vod,Oncaline,Tertiary,No,,,,No,None,0,,Schedule next detail,1,0,005000000000000025,true,false,2026-06-22T13:43:00.000Z,Browser
a0B000000000000301,CALL-000301,001000000000000168,HCP,Dermatology,NE-01,US,2026-07-14,2026-07-14T15:03:00.000Z,Email,Email_vod,Submitted_vod,Neurovia,Primary,No,,,,No,None,0,,Schedule next detail,1,0,005000000000000004,true,false,2026-07-14T15:03:00.000Z,iPad
a0B000000000000302,CALL-000302,001000000000000047,HCP,Dermatology,EU-FR-01,FR,2026-06-02,2026-06-02T16:32:00.000Z,Detail Only,Face_to_Face_vod,Saved_vod,Dermiq,Secondary,No,,,,No,None,0,,Schedule next detail,1,10,005000000000000036,true,true,2026-06-02T16:32:00.000Z,Windows
a0B000000000000303,CALL-000303,001000000000000122,Clinic,Pulmonology,W-02,US,2026-06-21,2026-06-21T16:23:00.000Z,Detail Only,Face_to_Face_vod,Submitted_vod,Dermiq,Tertiary,No,,,,No,Dermiq Launch Deck,6,Positive,Revisit key messages,1,31,005000000000000018,true,false,2026-06-21T16:23:00.000Z,Windows
a0B000000000000304,CALL-000304,001000000000000089,HCP,Cardiology,EU-FR-01,FR,2026-06-16,2026-06-16T15:15:00.000Z,Phone Call,Phone_vod,Submitted_vod,Cardiozen,Primary,No,,,,No,None,0,,Schedule next detail,1,15,005000000000000004,true,false,2026-06-16T15:15:00.000Z,iPad
a0B000000000000305,CALL-000305,001000000000000158,Hospital,Internal Medicine,W-02,US,2026-07-03,2026-07-03T09:22:00.000Z,Sample Only,Face_to_Face_vod,Submitted_vod,Cardiozen,Secondary,Yes,Cardiozen 10mg Sample,1,LOT-2026-10,Yes,None,0,,Follow up on sample feedback,1,37,005000000000000035,true,false,2026-07-03T09:22:00.000Z,iPad
a0B000000000000306,CALL-000306,001000000000000140,HCP,Pulmonology,EU-UK-01,GB,2026-06-23,2026-06-23T11:13:00.000Z,Phone Call,Phone_vod,Saved_vod,Pulmora,Secondary,No,,,,No,None,0,,Schedule next detail,1,8,005000000000000035,true,true,2026-06-23T11:13:00.000Z,iPad
a0B000000000000307,CALL-000307,001000000000000081,HCP,Internal Medicine,EU-DACH-01,DE,2026-08-07,2026-08-07T12:37:00.000Z,Detail with Sample,Face_to_Face_vod,Submitted_vod,Dermiq,Tertiary,Yes,Dermiq 10mg Sample,3,LOT-2026-11,No,None,0,,Follow up on sample feedback,1,19,005000000000000007,true,false,2026-08-07T12:37:00.000Z,iPad
a0B000000000000308,CALL-000308,001000000000000136,Hospital,Cardiology,W-02,US,2026-06-23,2026-06-23T09:52:00.000Z,Remote Detail,Video_vod,Submitted_vod,Oncaline,Tertiary,No,,,,No,None,0,,Schedule next detail,1,29,005000000000000003,true,false,2026-06-23T09:52:00.000Z,Browser
a0B000000000000309,CALL-000309,001000000000000142,HCP,Oncology,EU-IT-01,IT,2026-08-22,2026-08-22T08:08:00.000Z,Detail with Sample,Face_to_Face_vod,Submitted_vod,Cardiozen,Primary,Yes,Cardiozen 10mg Sample,2,LOT-2025-01,Yes,None,0,,Follow up on sample feedback,1,15,005000000000000012,true,false,2026-08-22T08:08:00.000Z,iPad
a0B000000000000310,CALL-000310,001000000000000081,HCP,General Practice,EU-FR-01,FR,2026-06-20,2026-06-20T11:24:00.000Z,Detail Only,Face_to_Face_vod,Submitted_vod,Cardiozen,Secondary,No,,,,No,None,0,,Schedule next detail,1,35,005000000000000007,true,false,2026-06-20T11:24:00.000Z,Browser
a0B000000000000311,CALL-000311,001000000000000027,Pharmacy,Dermatology,EU-DACH-01,DE,2026-07-06,2026-07-06T10:38:00.000Z,Detail Only,Face_to_Face_vod,Submitted_vod,Pulmora,Secondary,No,,,,No,None,0,,Schedule next detail,1,33,005000000000000040,true,false,2026-07-06T10:38:00.000Z,Windows
a0B000000000000312,CALL-000312,001000000000000023,HCP,Internal Medicine,EU-IT-01,IT,2026-08-05,2026-08-05T14:39:00.000Z,Email,Email_vod,Submitted_vod,Neurovia,Secondary,No,,,,No,None,0,,Schedule next detail,1,0,005000000000000038,true,false,2026-08-05T14:39:00.000Z,iPad
a0B000000000000313,CALL-000313,001000000000000083,Hospital,Oncology,EU-UK-01,GB,2026-06-29,2026-06-29T12:35:00.000Z,Detail Only,Face_to_Face_vod,Submitted_vod,Neurovia,Tertiary,No,,,,No,None,0,,Schedule next detail,1,18,005000000000000027,true,false,2026-06-29T12:35:00.000Z,iPad
a0B000000000000314,CALL-000314,001000000000000095,HCP,Oncology,LATAM-BR-01,BR,2026-08-17,2026-08-17T10:01:00.000Z,Sample Only,Face_to_Face_vod,Submitted_vod,Cardiozen,Primary,Yes,Cardiozen 10mg Sample,2,LOT-2026-12,Yes,None,0,,Follow up on sample feedback,1,23,005000000000000004,true,false,2026-08-17T10:01:00.000Z,iPad
a0B000000000000315,CALL-000315,001000000000000014,Pharmacy,Pulmonology,APAC-JP-01,JP,2026-06-05,2026-06-05T11:08:00.000Z,Detail Only,Face_to_Face_vod,Submitted_vod,Oncaline,Secondary,No,,,,No,Oncaline Phase III Data,2,Positive,Revisit key messages,1,27,005000000000000002,true,false,2026-06-05T11:08:00.000Z,iPad
a0B000000000000316,CALL-000316,001000000000000088,HCP,Neurology,EU-ES-01,ES,2026-07-05,2026-07-05T13:29:00.000Z,Sample Only,Face_to_Face_vod,Saved_vod,Pulmora,Tertiary,Yes,Pulmora 10mg Sample,4,LOT-2025-01,Yes,None,0,,Follow up on sample feedback,1,27,005000000000000002,true,true,2026-07-05T13:29:00.000Z,iPad
a0B000000000000317,CALL-000317,001000000000000150,HCP,Neurology,EU-UK-01,GB,2026-07-15,2026-07-15T16:17:00.000Z,Product Discussion,Face_to_Face_vod,Submitted_vod,Neurovia,Tertiary,No,,,,No,Neurovia MoA Video,1,Positive,Revisit key messages,1,17,005000000000000008,true,false,2026-07-15T16:17:00.000Z,iPad
a0B000000000000318,CALL-000318,001000000000000064,HCP,Internal Medicine,EU-DACH-01,DE,2026-07-16,2026-07-16T09:15:00.000Z,Group Detail,Face_to_Face_vod,Submitted_vod,Cardiozen,Secondary,No,,,,No,None,0,,Schedule next detail,4,17,005000000000000032,true,false,2026-07-16T09:15:00.000Z,iPad
a0B000000000000319,CALL-000319,001000000000000156,Clinic,General Practice,SE-01,US,2026-06-20,2026-06-20T15:02:00.000Z,Detail Only,Face_to_Face_vod,Submitted_vod,Dermiq,Tertiary,No,,,,No,None,0,,Schedule next detail,1,44,005000000000000040,true,false,2026-06-20T15:02:00.000Z,iPad
a0B000000000000320,CALL-000320,001000000000000110,HCP,Dermatology,EU-FR-01,FR,2026-06-26,2026-06-26T16:19:00.000Z,Detail Only,Face_to_Face_vod,Submitted_vod,Neurovia,Tertiary,No,,,,No,None,0,,Schedule next detail,1,33,005000000000000015,true,false,2026-06-26T16:19:00.000Z,Browser
a0B000000000000321,CALL-000321,001000000000000015,Hospital,Internal Medicine,APAC-AU-01,AU,2026-06-25,2026-06-25T10:40:00.000Z,Detail Only,Face_to_Face_vod,Submitted_vod,Pulmora,Tertiary,No,,,,No,None,0,,Schedule next detail,1,33,005000000000000018,true,false,2026-06-25T10:40:00.000Z,iPad
a0B000000000000322,CALL-000322,001000000000000155,Hospital,General Practice,EU-UK-01,GB,2026-07-08,2026-07-08T13:32:00.000Z,Group Detail,Face_to_Face_vod,Submitted_vod,Dermiq,Secondary,No,,,,No,Dermiq Launch Deck,6,Neutral,Revisit key messages,5,28,005000000000000015,true,false,2026-07-08T13:32:00.000Z,Browser
a0B000000000000323,CALL-000323,001000000000000105,Hospital,Oncology,EU-DACH-01,DE,2026-08-16,2026-08-16T11:04:00.000Z,Email,Email_vod,Submitted_vod,Neurovia,Tertiary,No,,,,No,None,0,,Schedule next detail,1,0,005000000000000028,true,false,2026-08-16T11:04:00.000Z,Browser
a0B000000000000324,CALL-000324,001000000000000174,Clinic,General Practice,EU-FR-01,FR,2026-07-27,2026-07-27T14:31:00.000Z,Detail Only,Face_to_Face_vod,Submitted_vod,Dermiq,Primary,No,,,,No,None,0,,Schedule next detail,1,34,005000000000000040,true,false,2026-07-27T14:31:00.000Z,Browser
a0B000000000000325,CALL-000325,001000000000000145,Hospital,Cardiology,APAC-AU-01,AU,2026-08-23,2026-08-23T16:52:00.000Z,Sample Only,Face_to_Face_vod,Submitted_vod,Neurovia,Tertiary,Yes,Neurovia 10mg Sample,4,LOT-2026-04,Yes,None,0,,Follow up on sample feedback,1,33,005000000000000038,true,false,2026-08-23T16:52:00.000Z,Windows
a0B000000000000326,CALL-000326,001000000000000090,Pharmacy,Pulmonology,EU-ES-01,ES,2026-08-08,2026-08-08T12:55:00.000Z,Detail with Sample,Face_to_Face_vod,Submitted_vod,Neurovia,Tertiary,Yes,Neurovia 10mg Sample,2,LOT-2025-02,No,None,0,,Follow up on sample feedback,1,26,005000000000000022,true,false,2026-08-08T12:55:00.000Z,iPad
a0B000000000000327,CALL-000327,001000000000000118,HCP,Oncology,CA-ON-01,CA,2026-06-09,2026-06-09T08:04:00.000Z,Remote Detail,Video_vod,Submitted_vod,Pulmora,Tertiary,No,,,,No,Pulmora Patient Case,6,Negative,Revisit key messages,1,19,005000000000000002,true,false,2026-06-09T08:04:00.000Z,Windows
a0B000000000000328,CALL-000328,001000000000000098,HCP,General Practice,EU-FR-01,FR,2026-08-26,2026-08-26T14:48:00.000Z,Sample Only,Face_to_Face_vod,Submitted_vod,Cardiozen,Secondary,Yes,Cardiozen 10mg Sample,1,LOT-2025-08,Yes,None,0,,Follow up on sample feedback,1,22,005000000000000023,true,false,2026-08-26T14:48:00.000Z,iPad
a0B000000000000329,CALL-000329,001000000000000100,HCP,Cardiology,MW-02,US,2026-06-19,2026-06-19T14:35:00.000Z,Detail with Sample,Face_to_Face_vod,Saved_vod,Oncaline,Tertiary,Yes,Oncaline 10mg Sample,3,LOT-2025-03,Yes,None,0,,Follow up on sample feedback,1,45,005000000000000009,true,true,2026-06-19T14:35:00.000Z,Windows
a0B000000000000330,CALL-000330,001000000000000074,HCP,Neurology,CA-QC-01,CA,2026-08-08,2026-08-08T11:39:00.000Z,Phone Call,Phone_vod,Submitted_vod,Pulmora,Primary,No,,,,No,None,0,,Schedule next detail,1,7,005000000000000007,true,false,2026-08-08T11:39:00.000Z,Browser
a0B000000000000331,CALL-000331,001000000000000029,HCP,Oncology,MW-01,US,2026-07-24,2026-07-24T12:19:00.000Z,Detail with Sample,Face_to_Face_vod,Saved_vod,Cardiozen,Primary,Yes,Cardiozen 10mg Sample,3,LOT-2025-05,Yes,None,0,,Follow up on sample feedback,1,24,005000000000000003,true,true,2026-07-24T12:19:00.000Z,iPad
a0B000000000000332,CALL-000332,001000000000000057,HCP,Cardiology,LATAM-BR-01,BR,2026-06-09,2026-06-09T13:35:00.000Z,Detail with Sample,Face_to_Face_vod,Submitted_vod,Cardiozen,Secondary,Yes,Cardiozen 10mg Sample,4,LOT-2025-11,Yes,Cardiozen Dosing Guide,6,Not Captured,Follow up on sample feedback,1,37,005000000000000005,true,false,2026-06-09T13:35:00.000Z,iPad
a0B000000000000333,CALL-000333,001000000000000146,HCP,Oncology,EU-DACH-01,DE,2026-06-27,2026-06-27T12:26:00.000Z,Product Discussion,Face_to_Face_vod,Submitted_vod,Oncaline,Tertiary,No,,,,No,Oncaline Phase III Data,5,Positive,Revisit key messages,1,26,005000000000000038,true,false,2026-06-27T12:26:00.000Z,iPad
a0B000000000000334,CALL-000334,001000000000000017,Hospital,Oncology,SE-01,US,2026-06-29,2026-06-29T14:11:00.000Z,Detail with Sample,Face_to_Face_vod,Submitted_vod,Neurovia,Tertiary,Yes,Neurovia 10mg Sample,4,LOT-2025-06,Yes,Neurovia MoA Video,2,Not Captured,Follow up on sample feedback,1,15,005000000000000001,true,false,2026-06-29T14:11:00.000Z,iPad
a0B000000000000335,CALL-000335,001000000000000162,Pharmacy,Internal Medicine,W-01,US,2026-07-10,2026-07-10T13:51:00.000Z,Detail with Sample,Face_to_Face_vod,Planned_vod,Pulmora,Secondary,Yes,Pulmora 10mg Sample,1,LOT-2026-12,Yes,None,0,,Follow up on sample feedback,1,41,005000000000000037,true,true,2026-07-10T13:51:00.000Z,iPad
a0B000000000000336,CALL-000336,001000000000000028,HCP,Neurology,MW-01,US,2026-06-20,2026-06-20T12:37:00.000Z,Detail with Sample,Face_to_Face_vod,Saved_vod,Dermiq,Tertiary,Yes,Dermiq 10mg Sample,2,LOT-2025-06,Yes,None,0,,Follow up on sample feedback,1,45,005000000000000031,true,true,2026-06-20T12:37:00.000Z,Windows
a0B000000000000337,CALL-000337,001000000000000173,HCP,Oncology,W-01,US,2026-06-20,2026-06-20T15:54:00.000Z,Detail Only,Face_to_Face_vod,Submitted_vod,Neurovia,Tertiary,No,,,,No,Neurovia Safety Profile,4,Neutral,Revisit key messages,1,18,005000000000000012,true,false,2026-06-20T15:54:00.000Z,iPad
a0B000000000000338,CALL-000338,001000000000000067,HCP,Pulmonology,APAC-AU-01,AU,2026-06-21,2026-06-21T14:42:00.000Z,Group Detail,Face_to_Face_vod,Submitted_vod,Neurovia,Secondary,No,,,,No,Neurovia MoA Video,6,Neutral,Revisit key messages,9,18,005000000000000015,true,false,2026-06-21T14:42:00.000Z,iPad
a0B000000000000339,CALL-000339,001000000000000049,HCP,Oncology,W-02,US,2026-07-03,2026-07-03T10:21:00.000Z,Detail Only,Face_to_Face_vod,Saved_vod,Dermiq,Secondary,No,,,,No,None,0,,Schedule next detail,1,40,005000000000000030,true,true,2026-07-03T10:21:00.000Z,iPad
a0B000000000000340,CALL-000340,001000000000000065,Pharmacy,General Practice,EU-IT-01,IT,2026-07-07,2026-07-07T08:10:00.000Z,Group Detail,Face_to_Face_vod,Submitted_vod,Dermiq,Tertiary,No,,,,No,Dermiq Launch Deck,3,Not Captured,Revisit key messages,10,41,005000000000000006,true,false,2026-07-07T08:10:00.000Z,Windows
a0B000000000000341,CALL-000341,001000000000000137,HCP,Oncology,W-01,US,2026-06-22,2026-06-22T16:36:00.000Z,Remote Detail,Video_vod,Submitted_vod,Pulmora,Secondary,No,,,,No,None,0,,Schedule next detail,1,31,005000000000000040,true,false,2026-06-22T16:36:00.000Z,Windows
a0B000000000000342,CALL-000342,001000000000000164,HCP,Pulmonology,EU-FR-01,FR,2026-06-21,2026-06-21T14:30:00.000Z,Detail Only,Face_to_Face_vod,Submitted_vod,Pulmora,Tertiary,No,,,,No,None,0,,Schedule next detail,1,12,005000000000000025,true,false,2026-06-21T14:30:00.000Z,iPad
a0B000000000000343,CALL-000343,001000000000000108,HCP,General Practice,APAC-AU-01,AU,2026-08-13,2026-08-13T16:43:00.000Z,Sample Only,Face_to_Face_vod,Submitted_vod,Cardiozen,Secondary,Yes,Cardiozen 10mg Sample,4,LOT-2025-01,Yes,None,0,,Follow up on sample feedback,1,16,005000000000000036,true,false,2026-08-13T16:43:00.000Z,iPad
a0B000000000000344,CALL-000344,001000000000000021,HCP,Cardiology,EU-DACH-01,DE,2026-06-10,2026-06-10T16:12:00.000Z,Product Discussion,Face_to_Face_vod,Submitted_vod,Neurovia,Secondary,No,,,,No,Neurovia Safety Profile,1,Positive,Revisit key messages,1,28,005000000000000030,true,false,2026-06-10T16:12:00.000Z,iPad
a0B000000000000345,CALL-000345,001000000000000049,HCP,Dermatology,CA-ON-01,CA,2026-07-06,2026-07-06T12:11:00.000Z,Detail with Sample,Face_to_Face_vod,Planned_vod,Oncaline,Secondary,Yes,Oncaline 10mg Sample,2,LOT-2025-05,Yes,Oncaline Phase III Data,2,Positive,Follow up on sample feedback,1,33,005000000000000015,true,true,2026-07-06T12:11:00.000Z,Browser
a0B000000000000346,CALL-000346,001000000000000166,Clinic,Internal Medicine,APAC-JP-01,JP,2026-08-04,2026-08-04T11:25:00.000Z,Detail with Sample,Face_to_Face_vod,Submitted_vod,Oncaline,Secondary,Yes,Oncaline 10mg Sample,1,LOT-2026-05,Yes,Oncaline Phase III Data,6,Neutral,Follow up on sample feedback,1,28,005000000000000029,true,false,2026-08-04T11:25:00.000Z,iPad
a0B000000000000347,CALL-000347,001000000000000011,Pharmacy,Neurology,LATAM-BR-01,BR,2026-07-05,2026-07-05T10:39:00.000Z,Remote Detail,Video_vod,Submitted_vod,Cardiozen,Tertiary,No,,,,No,Cardiozen Dosing Guide,2,Neutral,Revisit key messages,1,37,005000000000000012,true,false,2026-07-05T10:39:00.000Z,iPad
a0B000000000000348,CALL-000348,001000000000000013,HCP,General Practice,EU-DACH-01,DE,2026-08-19,2026-08-19T16:03:00.000Z,Sample Only,Face_to_Face_vod,Saved_vod,Neurovia,Secondary,Yes,Neurovia 10mg Sample,2,LOT-2026-11,Yes,None,0,,Follow up on sample feedback,1,39,005000000000000016,true,true,2026-08-19T16:03:00.000Z,iPhone
a0B000000000000349,CALL-000349,001000000000000004,Pharmacy,General Practice,LATAM-BR-01,BR,2026-06-22,2026-06-22T14:39:00.000Z,Detail with Sample,Face_to_Face_vod,Saved_vod,Oncaline,Secondary,Yes,Oncaline 10mg Sample,3,LOT-2025-06,Yes,Oncaline Phase III Data,5,Positive,Follow up on sample feedback,1,37,005000000000000012,true,true,2026-06-22T14:39:00.000Z,iPad
a0B000000000000350,CALL-000350,001000000000000119,HCP,Cardiology,NE-01,US,2026-08-08,2026-08-08T08:02:00.000Z,Detail Only,Face_to_Face_vod,Saved_vod,Cardiozen,Primary,No,,,,No,Cardiozen Efficacy Deck,3,Positive,Revisit key messages,1,32,005000000000000036,true,true,2026-08-08T08:02:00.000Z,Windows
a0B000000000000351,CALL-000351,001000000000000110,HCP,Oncology,EU-ES-01,ES,2026-08-05,2026-08-05T15:47:00.000Z,Detail Only,Face_to_Face_vod,Submitted_vod,Neurovia,Tertiary,No,,,,No,None,0,,Schedule next detail,1,15,005000000000000019,true,false,2026-08-05T15:47:00.000Z,iPad
a0B000000000000352,CALL-000352,001000000000000089,HCP,Cardiology,EU-FR-01,FR,2026-06-13,2026-06-13T08:29:00.000Z,Sample Only,Face_to_Face_vod,Submitted_vod,Neurovia,Secondary,Yes,Neurovia 10mg Sample,3,LOT-2026-08,Yes,None,0,,Follow up on sample feedback,1,25,005000000000000012,true,false,2026-06-13T08:29:00.000Z,Windows
a0B000000000000353,CALL-000353,001000000000000091,Hospital,Pulmonology,LATAM-BR-01,BR,2026-06-28,2026-06-28T14:28:00.000Z,Remote Detail,Video_vod,Submitted_vod,Neurovia,Secondary,No,,,,No,None,0,,Schedule next detail,1,16,005000000000000009,true,false,2026-06-28T14:28:00.000Z,iPad
a0B000000000000354,CALL-000354,001000000000000146,Clinic,Neurology,W-01,US,2026-07-08,2026-07-08T16:22:00.000Z,Remote Detail,Video_vod,Submitted_vod,Dermiq,Secondary,No,,,,No,None,0,,Schedule next detail,1,41,005000000000000019,true,false,2026-07-08T16:22:00.000Z,Browser
a0B000000000000355,CALL-000355,001000000000000002,Hospital,General Practice,NE-01,US,2026-08-27,2026-08-27T15:29:00.000Z,Product Discussion,Face_to_Face_vod,Submitted_vod,Pulmora,Primary,No,,,,No,None,0,,Schedule next detail,1,44,005000000000000011,true,false,2026-08-27T15:29:00.000Z,Browser
a0B000000000000356,CALL-000356,001000000000000153,HCP,Internal Medicine,SE-02,US,2026-07-04,2026-07-04T10:10:00.000Z,Product Discussion,Face_to_Face_vod,Submitted_vod,Cardiozen,Secondary,No,,,,No,None,0,,Schedule next detail,1,13,005000000000000009,true,false,2026-07-04T10:10:00.000Z,Windows
a0B000000000000357,CALL-000357,001000000000000134,Pharmacy,Cardiology,MW-01,US,2026-06-07,2026-06-07T08:51:00.000Z,Detail Only,Face_to_Face_vod,Submitted_vod,Pulmora,Tertiary,No,,,,No,Pulmora Patient Case,3,Neutral,Revisit key messages,1,36,005000000000000040,true,false,2026-06-07T08:51:00.000Z,iPad
a0B000000000000358,CALL-000358,001000000000000155,HCP,Pulmonology,EU-UK-01,GB,2026-08-20,2026-08-20T14:42:00.000Z,Detail Only,Face_to_Face_vod,Submitted_vod,Pulmora,Secondary,No,,,,No,Pulmora Patient Case,5,Positive,Revisit key messages,1,40,005000000000000032,true,false,2026-08-20T14:42:00.000Z,iPad
a0B000000000000359,CALL-000359,001000000000000066,HCP,Neurology,EU-UK-01,GB,2026-06-19,2026-06-19T12:29:00.000Z,Detail with Sample,Face_to_Face_vod,Submitted_vod,Oncaline,Tertiary,Yes,Oncaline 10mg Sample,1,LOT-2026-06,Yes,None,0,,Follow up on sample feedback,1,23,005000000000000009,true,false,2026-06-19T12:29:00.000Z,iPad
a0B000000000000360,CALL-000360,001000000000000107,HCP,Oncology,MW-01,US,2026-06-13,2026-06-13T10:00:00.000Z,Detail Only,Face_to_Face_vod,Submitted_vod,Dermiq,Secondary,No,,,,No,None,0,,Schedule next detail,1,23,005000000000000036,true,false,2026-06-13T10:00:00.000Z,Browser
a0B000000000000361,CALL-000361,001000000000000145,Clinic,Internal Medicine,EU-FR-01,FR,2026-07-22,2026-07-22T16:25:00.000Z,Sample Only,Face_to_Face_vod,Submitted_vod,Cardiozen,Primary,Yes,Cardiozen 10mg Sample,4,LOT-2026-08,No,None,0,,Follow up on sample feedback,1,31,005000000000000031,true,false,2026-07-22T16:25:00.000Z,iPad
a0B000000000000362,CALL-000362,001000000000000103,HCP,Cardiology,EU-FR-01,FR,2026-07-04,2026-07-04T12:53:00.000Z,Product Discussion,Face_to_Face_vod,Saved_vod,Neurovia,Tertiary,No,,,,No,Neurovia MoA Video,5,Not Captured,Revisit key messages,1,28,005000000000000009,true,true,2026-07-04T12:53:00.000Z,iPad
a0B000000000000363,CALL-000363,001000000000000056,Hospital,Oncology,W-01,US,2026-07-01,2026-07-01T13:10:00.000Z,Detail Only,Face_to_Face_vod,Submitted_vod,Cardiozen,Primary,No,,,,No,None,0,,Schedule next detail,1,30,005000000000000008,true,false,2026-07-01T13:10:00.000Z,iPad
a0B000000000000364,CALL-000364,001000000000000060,HCP,General Practice,EU-IT-01,IT,2026-07-29,2026-07-29T13:56:00.000Z,Sample Only,Face_to_Face_vod,Planned_vod,Oncaline,Tertiary,Yes,Oncaline 10mg Sample,4,LOT-2026-05,Yes,None,0,,Follow up on sample feedback,1,40,005000000000000008,true,true,2026-07-29T13:56:00.000Z,iPad
a0B000000000000365,CALL-000365,001000000000000139,HCP,Pulmonology,EU-FR-01,FR,2026-06-05,2026-06-05T09:20:00.000Z,Detail Only,Face_to_Face_vod,Submitted_vod,Cardiozen,Tertiary,No,,,,No,Cardiozen Dosing Guide,4,Not Captured,Revisit key messages,1,37,005000000000000006,true,false,2026-06-05T09:20:00.000Z,iPad
a0B000000000000366,CALL-000366,001000000000000152,Hospital,Pulmonology,EU-ES-01,ES,2026-07-03,2026-07-03T12:58:00.000Z,Group Detail,Face_to_Face_vod,Submitted_vod,Dermiq,Primary,No,,,,No,None,0,,Schedule next detail,5,38,005000000000000011,true,false,2026-07-03T12:58:00.000Z,Windows
a0B000000000000367,CALL-000367,001000000000000178,Hospital,Cardiology,NE-01,US,2026-06-07,2026-06-07T14:04:00.000Z,Remote Detail,Video_vod,Submitted_vod,Dermiq,Primary,No,,,,No,Dermiq Launch Deck,6,Not Captured,Revisit key messages,1,15,005000000000000030,true,false,2026-06-07T14:04:00.000Z,Browser
a0B000000000000368,CALL-000368,001000000000000017,HCP,Oncology,SE-01,US,2026-07-06,2026-07-06T08:37:00.000Z,Detail Only,Face_to_Face_vod,Submitted_vod,Pulmora,Tertiary,No,,,,No,Pulmora Patient Case,6,Positive,Revisit key messages,1,40,005000000000000027,true,false,2026-07-06T08:37:00.000Z,Browser
a0B000000000000369,CALL-000369,001000000000000069,Clinic,Internal Medicine,EU-IT-01,IT,2026-08-01,2026-08-01T11:06:00.000Z,Detail Only,Face_to_Face_vod,Submitted_vod,Pulmora,Tertiary,No,,,,No,Pulmora Patient Case,6,Positive,Revisit key messages,1,30,005000000000000038,true,false,2026-08-01T11:06:00.000Z,Windows
a0B000000000000370,CALL-000370,001000000000000129,Clinic,Neurology,MW-02,US,2026-07-19,2026-07-19T15:09:00.000Z,Detail Only,Face_to_Face_vod,Planned_vod,Oncaline,Primary,No,,,,No,Oncaline Phase III Data,2,Positive,Revisit key messages,1,21,005000000000000030,true,true,2026-07-19T15:09:00.000Z,Browser
a0B000000000000371,CALL-000371,001000000000000168,Pharmacy,Pulmonology,SE-02,US,2026-06-06,2026-06-06T11:55:00.000Z,Sample Only,Face_to_Face_vod,Submitted_vod,Pulmora,Primary,Yes,Pulmora 10mg Sample,3,LOT-2025-06,Yes,None,0,,Follow up on sample feedback,1,41,005000000000000015,true,false,2026-06-06T11:55:00.000Z,Browser
a0B000000000000372,CALL-000372,001000000000000030,HCP,Cardiology,EU-FR-01,FR,2026-06-07,2026-06-07T15:17:00.000Z,Detail Only,Face_to_Face_vod,Saved_vod,Pulmora,Tertiary,No,,,,No,None,0,,Schedule next detail,1,39,005000000000000038,true,true,2026-06-07T15:17:00.000Z,iPad
a0B000000000000373,CALL-000373,001000000000000161,HCP,Neurology,EU-FR-01,FR,2026-07-01,2026-07-01T15:04:00.000Z,Group Detail,Face_to_Face_vod,Submitted_vod,Oncaline,Primary,No,,,,No,None,0,,Schedule next detail,3,35,005000000000000028,true,false,2026-07-01T15:04:00.000Z,Browser
a0B000000000000374,CALL-000374,001000000000000022,Pharmacy,Internal Medicine,NE-01,US,2026-08-17,2026-08-17T16:58:00.000Z,Remote Detail,Video_vod,Submitted_vod,Neurovia,Secondary,No,,,,No,None,0,,Schedule next detail,1,12,005000000000000008,true,false,2026-08-17T16:58:00.000Z,iPad
a0B000000000000375,CALL-000375,001000000000000104,HCP,Oncology,W-02,US,2026-08-04,2026-08-04T11:53:00.000Z,Detail Only,Face_to_Face_vod,Submitted_vod,Cardiozen,Secondary,No,,,,No,None,0,,Schedule next detail,1,42,005000000000000001,true,false,2026-08-04T11:53:00.000Z,Windows
a0B000000000000376,CALL-000376,001000000000000174,HCP,Neurology,EU-ES-01,ES,2026-07-07,2026-07-07T14:01:00.000Z,Sample Only,Face_to_Face_vod,Submitted_vod,Neurovia,Secondary,Yes,Neurovia 10mg Sample,3,LOT-2026-06,Yes,None,0,,Follow up on sample feedback,1,24,005000000000000008,true,false,2026-07-07T14:01:00.000Z,Windows
a0B000000000000377,CALL-000377,001000000000000142,HCP,Neurology,APAC-AU-01,AU,2026-08-11,2026-08-11T11:50:00.000Z,Phone Call,Phone_vod,Submitted_vod,Pulmora,Secondary,No,,,,No,None,0,,Schedule next detail,1,12,005000000000000031,true,false,2026-08-11T11:50:00.000Z,iPad
a0B000000000000378,CALL-000378,001000000000000013,HCP,Dermatology,EU-FR-01,FR,2026-07-09,2026-07-09T14:26:00.000Z,Group Detail,Face_to_Face_vod,Submitted_vod,Dermiq,Secondary,No,,,,No,None,0,,Schedule next detail,10,17,005000000000000031,true,false,2026-07-09T14:26:00.000Z,iPad
a0B000000000000379,CALL-000379,001000000000000168,HCP,Neurology,W-02,US,2026-06-09,2026-06-09T13:12:00.000Z,Detail Only,Face_to_Face_vod,Submitted_vod,Pulmora,Tertiary,No,,,,No,None,0,,Schedule next detail,1,28,005000000000000018,true,false,2026-06-09T13:12:00.000Z,iPhone
a0B000000000000380,CALL-000380,001000000000000021,HCP,General Practice,EU-DACH-01,DE,2026-06-30,2026-06-30T11:34:00.000Z,Detail with Sample,Face_to_Face_vod,Submitted_vod,Neurovia,Secondary,Yes,Neurovia 10mg Sample,1,LOT-2026-07,Yes,Neurovia MoA Video,6,Positive,Follow up on sample feedback,1,14,005000000000000039,true,false,2026-06-30T11:34:00.000Z,Browser
a0B000000000000381,CALL-000381,001000000000000094,HCP,Neurology,EU-IT-01,IT,2026-07-03,2026-07-03T12:00:00.000Z,Email,Email_vod,Submitted_vod,Neurovia,Tertiary,No,,,,No,None,0,,Schedule next detail,1,0,005000000000000003,true,false,2026-07-03T12:00:00.000Z,Windows
a0B000000000000382,CALL-000382,001000000000000032,HCP,Oncology,NE-01,US,2026-06-27,2026-06-27T10:36:00.000Z,Remote Detail,Video_vod,Saved_vod,Oncaline,Tertiary,No,,,,No,None,0,,Schedule next detail,1,27,005000000000000037,true,true,2026-06-27T10:36:00.000Z,Browser
a0B000000000000383,CALL-000383,001000000000000137,HCP,Internal Medicine,W-01,US,2026-08-06,2026-08-06T08:16:00.000Z,Detail Only,Face_to_Face_vod,Submitted_vod,Pulmora,Tertiary,No,,,,No,Pulmora Patient Case,5,Positive,Revisit key messages,1,39,005000000000000010,true,false,2026-08-06T08:16:00.000Z,iPad
a0B000000000000384,CALL-000384,001000000000000118,HCP,Neurology,MW-02,US,2026-08-10,2026-08-10T10:41:00.000Z,Phone Call,Phone_vod,Submitted_vod,Oncaline,Secondary,No,,,,No,None,0,,Schedule next detail,1,14,005000000000000021,true,false,2026-08-10T10:41:00.000Z,iPad
a0B000000000000385,CALL-000385,001000000000000152,Pharmacy,General Practice,SE-02,US,2026-08-27,2026-08-27T14:07:00.000Z,Group Detail,Face_to_Face_vod,Submitted_vod,Dermiq,Primary,No,,,,No,None,0,,Schedule next detail,5,28,005000000000000040,true,false,2026-08-27T14:07:00.000Z,iPad
a0B000000000000386,CALL-000386,001000000000000147,Clinic,General Practice,EU-UK-01,GB,2026-07-25,2026-07-25T14:16:00.000Z,Detail with Sample,Face_to_Face_vod,Submitted_vod,Neurovia,Primary,Yes,Neurovia 10mg Sample,1,LOT-2026-10,Yes,Neurovia Safety Profile,5,Negative,Follow up on sample feedback,1,12,005000000000000007,true,false,2026-07-25T14:16:00.000Z,Browser
a0B000000000000387,CALL-000387,001000000000000018,HCP,Cardiology,W-01,US,2026-06-17,2026-06-17T08:24:00.000Z,Sample Only,Face_to_Face_vod,Saved_vod,Pulmora,Secondary,Yes,Pulmora 10mg Sample,1,LOT-2025-10,Yes,None,0,,Follow up on sample feedback,1,28,005000000000000040,true,true,2026-06-17T08:24:00.000Z,Windows
a0B000000000000388,CALL-000388,001000000000000157,Hospital,Pulmonology,SE-02,US,2026-07-10,2026-07-10T08:46:00.000Z,Detail with Sample,Face_to_Face_vod,Submitted_vod,Cardiozen,Tertiary,Yes,Cardiozen 10mg Sample,3,LOT-2025-03,Yes,None,0,,Follow up on sample feedback,1,38,005000000000000027,true,false,2026-07-10T08:46:00.000Z,Browser
a0B000000000000389,CALL-000389,001000000000000056,HCP,Pulmonology,EU-FR-01,FR,2026-08-29,2026-08-29T11:00:00.000Z,Remote Detail,Video_vod,Submitted_vod,Neurovia,Primary,No,,,,No,None,0,,Schedule next detail,1,32,005000000000000033,true,false,2026-08-29T11:00:00.000Z,Windows
a0B000000000000390,CALL-000390,001000000000000159,HCP,Oncology,APAC-AU-01,AU,2026-06-11,2026-06-11T08:16:00.000Z,Remote Detail,Video_vod,Submitted_vod,Cardiozen,Primary,Yes,Cardiozen 10mg Sample,3,LOT-2026-04,Yes,Cardiozen Efficacy Deck,4,Positive,Follow up on sample feedback,1,10,005000000000000033,true,false,2026-06-11T08:16:00.000Z,iPad
a0B000000000000391,CALL-000391,001000000000000066,Hospital,General Practice,EU-FR-01,FR,2026-06-30,2026-06-30T10:26:00.000Z,Sample Only,Face_to_Face_vod,Submitted_vod,Cardiozen,Primary,Yes,Cardiozen 10mg Sample,3,LOT-2026-04,No,None,0,,Follow up on sample feedback,1,33,005000000000000019,true,false,2026-06-30T10:26:00.000Z,Windows
a0B000000000000392,CALL-000392,001000000000000065,Hospital,Dermatology,W-01,US,2026-07-14,2026-07-14T10:49:00.000Z,Detail Only,Face_to_Face_vod,Submitted_vod,Dermiq,Secondary,No,,,,No,None,0,,Schedule next detail,1,12,005000000000000015,true,false,2026-07-14T10:49:00.000Z,Browser
a0B000000000000393,CALL-000393,001000000000000088,HCP,Pulmonology,APAC-JP-01,JP,2026-06-18,2026-06-18T11:21:00.000Z,Detail with Sample,Face_to_Face_vod,Saved_vod,Neurovia,Secondary,Yes,Neurovia 10mg Sample,3,LOT-2026-05,No,None,0,,Follow up on sample feedback,1,43,005000000000000004,true,true,2026-06-18T11:21:00.000Z,Windows
a0B000000000000394,CALL-000394,001000000000000057,HCP,General Practice,APAC-AU-01,AU,2026-07-14,2026-07-14T12:44:00.000Z,Detail with Sample,Face_to_Face_vod,Submitted_vod,Cardiozen,Primary,Yes,Cardiozen 10mg Sample,2,LOT-2025-05,Yes,Cardiozen Efficacy Deck,3,Negative,Follow up on sample feedback,1,44,005000000000000017,true,false,2026-07-14T12:44:00.000Z,iPad
a0B000000000000395,CALL-000395,001000000000000109,Clinic,General Practice,EU-UK-01,GB,2026-06-19,2026-06-19T13:40:00.000Z,Detail with Sample,Face_to_Face_vod,Submitted_vod,Oncaline,Tertiary,Yes,Oncaline 10mg Sample,1,LOT-2025-12,No,None,0,,Follow up on sample feedback,1,33,005000000000000026,true,false,2026-06-19T13:40:00.000Z,iPad
a0B000000000000396,CALL-000396,001000000000000007,HCP,Dermatology,LATAM-BR-01,BR,2026-08-22,2026-08-22T11:52:00.000Z,Detail Only,Face_to_Face_vod,Submitted_vod,Dermiq,Primary,No,,,,No,None,0,,Schedule next detail,1,25,005000000000000028,true,false,2026-08-22T11:52:00.000Z,iPad
a0B000000000000397,CALL-000397,001000000000000058,HCP,Neurology,EU-UK-01,GB,2026-07-03,2026-07-03T09:37:00.000Z,Product Discussion,Face_to_Face_vod,Submitted_vod,Pulmora,Tertiary,No,,,,No,Pulmora Patient Case,6,Positive,Revisit key messages,1,15,005000000000000020,true,false,2026-07-03T09:37:00.000Z,iPad
a0B000000000000398,CALL-000398,001000000000000170,HCP,Pulmonology,EU-ES-01,ES,2026-08-25,2026-08-25T13:04:00.000Z,Sample Only,Face_to_Face_vod,Submitted_vod,Dermiq,Tertiary,Yes,Dermiq 10mg Sample,4,LOT-2026-09,Yes,None,0,,Follow up on sample feedback,1,44,005000000000000016,true,false,2026-08-25T13:04:00.000Z,iPad
a0B000000000000399,CALL-000399,001000000000000006,HCP,Dermatology,CA-QC-01,CA,2026-07-14,2026-07-14T08:44:00.000Z,Detail Only,Face_to_Face_vod,Planned_vod,Oncaline,Primary,No,,,,No,None,0,,Schedule next detail,1,37,005000000000000009,true,true,2026-07-14T08:44:00.000Z,iPad
a0B000000000000400,CALL-000400,001000000000000178,Hospital,Neurology,EU-IT-01,IT,2026-06-15,2026-06-15T12:45:00.000Z,Sample Only,Face_to_Face_vod,Submitted_vod,Neurovia,Secondary,Yes,Neurovia 10mg Sample,2,LOT-2025-04,Yes,None,0,,Follow up on sample feedback,1,20,005000000000000024,true,false,2026-06-15T12:45:00.000Z,iPad
a0B000000000000401,CALL-000401,001000000000000031,HCP,Cardiology,CA-ON-01,CA,2026-07-25,2026-07-25T14:33:00.000Z,Detail Only,Face_to_Face_vod,Saved_vod,Cardiozen,Primary,No,,,,No,None,0,,Schedule next detail,1,10,005000000000000005,true,true,2026-07-25T14:33:00.000Z,iPad
a0B000000000000402,CALL-000402,001000000000000048,HCP,Cardiology,MW-02,US,2026-08-16,2026-08-16T08:34:00.000Z,Sample Only,Face_to_Face_vod,Submitted_vod,Pulmora,Tertiary,Yes,Pulmora 10mg Sample,1,LOT-2025-07,Yes,None,0,,Follow up on sample feedback,1,37,005000000000000019,true,false,2026-08-16T08:34:00.000Z,iPad
a0B000000000000403,CALL-000403,001000000000000079,Clinic,Pulmonology,NE-02,US,2026-08-02,2026-08-02T09:24:00.000Z,Phone Call,Phone_vod,Planned_vod,Pulmora,Secondary,No,,,,No,None,0,,Schedule next detail,1,5,005000000000000010,true,true,2026-08-02T09:24:00.000Z,iPad
a0B000000000000404,CALL-000404,001000000000000015,Clinic,Internal Medicine,EU-UK-01,GB,2026-06-19,2026-06-19T12:28:00.000Z,Detail Only,Face_to_Face_vod,Saved_vod,Pulmora,Tertiary,No,,,,No,Pulmora Patient Case,3,Positive,Revisit key messages,1,43,005000000000000038,true,true,2026-06-19T12:28:00.000Z,iPad
a0B000000000000405,CALL-000405,001000000000000070,Hospital,Pulmonology,EU-FR-01,FR,2026-08-11,2026-08-11T15:54:00.000Z,Detail Only,Face_to_Face_vod,Submitted_vod,Cardiozen,Primary,No,,,,No,None,0,,Schedule next detail,1,40,005000000000000004,true,false,2026-08-11T15:54:00.000Z,Windows
a0B000000000000406,CALL-000406,001000000000000115,HCP,Cardiology,W-01,US,2026-06-15,2026-06-15T13:49:00.000Z,Detail Only,Face_to_Face_vod,Saved_vod,Neurovia,Primary,No,,,,No,Neurovia Safety Profile,1,Positive,Revisit key messages,1,15,005000000000000013,true,true,2026-06-15T13:49:00.000Z,iPad
a0B000000000000407,CALL-000407,001000000000000096,HCP,Oncology,EU-DACH-01,DE,2026-07-29,2026-07-29T13:12:00.000Z,Detail Only,Face_to_Face_vod,Submitted_vod,Oncaline,Secondary,No,,,,No,None,0,,Schedule next detail,1,20,005000000000000022,true,false,2026-07-29T13:12:00.000Z,Windows
a0B000000000000408,CALL-000408,001000000000000031,HCP,General Practice,EU-DACH-01,DE,2026-06-08,2026-06-08T10:16:00.000Z,Detail with Sample,Face_to_Face_vod,Submitted_vod,Oncaline,Primary,Yes,Oncaline 10mg Sample,1,LOT-2025-01,No,None,0,,Follow up on sample feedback,1,13,005000000000000012,true,false,2026-06-08T10:16:00.000Z,Browser
a0B000000000000409,CALL-000409,001000000000000017,Clinic,General Practice,EU-UK-01,GB,2026-07-28,2026-07-28T10:23:00.000Z,Detail with Sample,Face_to_Face_vod,Submitted_vod,Dermiq,Tertiary,Yes,Dermiq 10mg Sample,4,LOT-2025-01,Yes,None,0,,Follow up on sample feedback,1,18,005000000000000011,true,false,2026-07-28T10:23:00.000Z,iPad
a0B000000000000410,CALL-000410,001000000000000067,Clinic,Oncology,NE-01,US,2026-07-21,2026-07-21T08:53:00.000Z,Email,Email_vod,Submitted_vod,Dermiq,Tertiary,No,,,,No,None,0,,Schedule next detail,1,0,005000000000000025,true,false,2026-07-21T08:53:00.000Z,iPhone
a0B000000000000411,CALL-000411,001000000000000020,Hospital,Cardiology,APAC-AU-01,AU,2026-06-18,2026-06-18T11:29:00.000Z,Detail with Sample,Face_to_Face_vod,Submitted_vod,Dermiq,Primary,Yes,Dermiq 10mg Sample,2,LOT-2025-01,Yes,Dermiq Launch Deck,2,Neutral,Follow up on sample feedback,1,40,005000000000000005,true,false,2026-06-18T11:29:00.000Z,Windows
a0B000000000000412,CALL-000412,001000000000000146,HCP,General Practice,EU-UK-01,GB,2026-07-03,2026-07-03T13:38:00.000Z,Detail with Sample,Face_to_Face_vod,Submitted_vod,Cardiozen,Tertiary,Yes,Cardiozen 10mg Sample,1,LOT-2026-05,No,Cardiozen Dosing Guide,6,Neutral,Follow up on sample feedback,1,36,005000000000000030,true,false,2026-07-03T13:38:00.000Z,Browser
a0B000000000000413,CALL-000413,001000000000000095,HCP,Oncology,APAC-JP-01,JP,2026-08-18,2026-08-18T11:01:00.000Z,Detail with Sample,Face_to_Face_vod,Submitted_vod,Oncaline,Secondary,Yes,Oncaline 10mg Sample,2,LOT-2026-11,Yes,Oncaline Phase III Data,6,Not Captured,Follow up on sample feedback,1,13,005000000000000036,true,false,2026-08-18T11:01:00.000Z,Windows
a0B000000000000414,CALL-000414,001000000000000023,HCP,Neurology,W-01,US,2026-06-10,2026-06-10T15:08:00.000Z,Detail with Sample,Face_to_Face_vod,Saved_vod,Cardiozen,Secondary,Yes,Cardiozen 10mg Sample,2,LOT-2026-01,Yes,Cardiozen Efficacy Deck,2,Negative,Follow up on sample feedback,1,23,005000000000000009,true,true,2026-06-10T15:08:00.000Z,Windows
a0B000000000000415,CALL-000415,001000000000000131,HCP,Internal Medicine,EU-DACH-01,DE,2026-07-05,2026-07-05T14:08:00.000Z,Product Discussion,Face_to_Face_vod,Submitted_vod,Neurovia,Primary,Yes,Neurovia 10mg Sample,1,LOT-2025-12,Yes,None,0,,Follow up on sample feedback,1,24,005000000000000038,true,false,2026-07-05T14:08:00.000Z,Windows
a0B000000000000416,CALL-000416,001000000000000140,HCP,Neurology,EU-UK-01,GB,2026-08-28,2026-08-28T13:44:00.000Z,Group Detail,Face_to_Face_vod,Submitted_vod,Neurovia,Secondary,No,,,,No,Neurovia MoA Video,5,Not Captured,Revisit key messages,5,29,005000000000000021,true,false,2026-08-28T13:44:00.000Z,iPad
a0B000000000000417,CALL-000417,001000000000000003,Hospital,Dermatology,EU-ES-01,ES,2026-08-21,2026-08-21T15:41:00.000Z,Detail Only,Face_to_Face_vod,Submitted_vod,Oncaline,Primary,Yes,Oncaline 10mg Sample,2,LOT-2025-07,Yes,Oncaline Phase III Data,4,Neutral,Follow up on sample feedback,1,13,005000000000000012,true,false,2026-08-21T15:41:00.000Z,iPad
a0B000000000000418,CALL-000418,001000000000000129,Hospital,Oncology,NE-01,US,2026-08-19,2026-08-19T08:44:00.000Z,Group Detail,Face_to_Face_vod,Planned_vod,Dermiq,Secondary,No,,,,No,None,0,,Schedule next detail,3,13,005000000000000008,true,true,2026-08-19T08:44:00.000Z,Windows
a0B000000000000419,CALL-000419,001000000000000008,HCP,Oncology,LATAM-BR-01,BR,2026-06-02,2026-06-02T11:54:00.000Z,Detail Only,Face_to_Face_vod,Submitted_vod,Pulmora,Primary,No,,,,No,None,0,,Schedule next detail,1,20,005000000000000033,true,false,2026-06-02T11:54:00.000Z,iPad
a0B000000000000420,CALL-000420,001000000000000057,Pharmacy,General Practice,NE-01,US,2026-06-23,2026-06-23T08:44:00.000Z,Sample Only,Face_to_Face_vod,Submitted_vod,Neurovia,Secondary,Yes,Neurovia 10mg Sample,2,LOT-2025-04,Yes,None,0,,Follow up on sample feedback,1,21,005000000000000005,true,false,2026-06-23T08:44:00.000Z,Browser
a0B000000000000421,CALL-000421,001000000000000050,HCP,Cardiology,MW-01,US,2026-08-26,2026-08-26T10:47:00.000Z,Sample Only,Face_to_Face_vod,Submitted_vod,Cardiozen,Tertiary,Yes,Cardiozen 10mg Sample,1,LOT-2025-10,Yes,None,0,,Follow up on sample feedback,1,35,005000000000000021,true,false,2026-08-26T10:47:00.000Z,iPad
a0B000000000000422,CALL-000422,001000000000000075,Clinic,Dermatology,EU-FR-01,FR,2026-06-28,2026-06-28T10:54:00.000Z,Detail with Sample,Face_to_Face_vod,Submitted_vod,Oncaline,Tertiary,Yes,Oncaline 10mg Sample,2,LOT-2025-03,Yes,None,0,,Follow up on sample feedback,1,18,005000000000000018,true,false,2026-06-28T10:54:00.000Z,iPad
a0B000000000000423,CALL-000423,001000000000000118,HCP,Cardiology,EU-ES-01,ES,2026-08-27,2026-08-27T12:12:00.000Z,Remote Detail,Video_vod,Submitted_vod,Pulmora,Tertiary,No,,,,No,None,0,,Schedule next detail,1,21,005000000000000040,true,false,2026-08-27T12:12:00.000Z,iPad
a0B000000000000424,CALL-000424,001000000000000062,HCP,Cardiology,EU-IT-01,IT,2026-06-05,2026-06-05T12:33:00.000Z,Detail Only,Face_to_Face_vod,Submitted_vod,Dermiq,Tertiary,No,,,,No,None,0,,Schedule next detail,1,28,005000000000000007,true,false,2026-06-05T12:33:00.000Z,iPad
a0B000000000000425,CALL-000425,001000000000000145,HCP,Internal Medicine,CA-QC-01,CA,2026-08-08,2026-08-08T15:16:00.000Z,Product Discussion,Face_to_Face_vod,Submitted_vod,Neurovia,Primary,No,,,,No,Neurovia MoA Video,3,Positive,Revisit key messages,1,38,005000000000000015,true,false,2026-08-08T15:16:00.000Z,Windows
a0B000000000000426,CALL-000426,001000000000000004,HCP,Dermatology,EU-FR-01,FR,2026-07-21,2026-07-21T14:53:00.000Z,Detail Only,Face_to_Face_vod,Submitted_vod,Neurovia,Secondary,No,,,,No,None,0,,Schedule next detail,1,29,005000000000000019,true,false,2026-07-21T14:53:00.000Z,iPad
a0B000000000000427,CALL-000427,001000000000000070,HCP,General Practice,CA-ON-01,CA,2026-08-09,2026-08-09T10:08:00.000Z,Detail Only,Face_to_Face_vod,Submitted_vod,Cardiozen,Tertiary,No,,,,No,Cardiozen Dosing Guide,5,Positive,Revisit key messages,1,10,005000000000000017,true,false,2026-08-09T10:08:00.000Z,Browser
a0B000000000000428,CALL-000428,001000000000000165,HCP,Dermatology,SE-01,US,2026-08-08,2026-08-08T14:58:00.000Z,Product Discussion,Face_to_Face_vod,Submitted_vod,Oncaline,Primary,No,,,,No,None,0,,Schedule next detail,1,36,005000000000000010,true,false,2026-08-08T14:58:00.000Z,Windows
a0B000000000000429,CALL-000429,001000000000000114,Hospital,Dermatology,CA-QC-01,CA,2026-08-10,2026-08-10T12:48:00.000Z,Detail with Sample,Face_to_Face_vod,Submitted_vod,Dermiq,Tertiary,Yes,Dermiq 10mg Sample,1,LOT-2025-06,Yes,Dermiq Launch Deck,2,Positive,Follow up on sample feedback,1,43,005000000000000023,true,false,2026-08-10T12:48:00.000Z,iPad
a0B000000000000430,CALL-000430,001000000000000130,HCP,Oncology,LATAM-BR-01,BR,2026-08-14,2026-08-14T10:40:00.000Z,Email,Email_vod,Submitted_vod,Oncaline,Primary,No,,,,No,None,0,,Schedule next detail,1,0,005000000000000009,true,false,2026-08-14T10:40:00.000Z,Browser
a0B000000000000431,CALL-000431,001000000000000167,HCP,General Practice,APAC-JP-01,JP,2026-06-11,2026-06-11T09:14:00.000Z,Detail Only,Face_to_Face_vod,Saved_vod,Pulmora,Secondary,No,,,,No,Pulmora Patient Case,5,Neutral,Revisit key messages,1,14,005000000000000030,true,true,2026-06-11T09:14:00.000Z,iPad
a0B000000000000432,CALL-000432,001000000000000123,Hospital,Cardiology,EU-ES-01,ES,2026-08-17,2026-08-17T10:28:00.000Z,Sample Only,Face_to_Face_vod,Submitted_vod,Pulmora,Primary,Yes,Pulmora 10mg Sample,3,LOT-2026-08,Yes,None,0,,Follow up on sample feedback,1,28,005000000000000011,true,false,2026-08-17T10:28:00.000Z,iPad
a0B000000000000433,CALL-000433,001000000000000150,Clinic,Internal Medicine,APAC-JP-01,JP,2026-08-06,2026-08-06T10:17:00.000Z,Group Detail,Face_to_Face_vod,Submitted_vod,Pulmora,Tertiary,No,,,,No,None,0,,Schedule next detail,2,28,005000000000000033,true,false,2026-08-06T10:17:00.000Z,iPad
a0B000000000000434,CALL-000434,001000000000000060,Hospital,General Practice,MW-02,US,2026-07-13,2026-07-13T11:53:00.000Z,Sample Only,Face_to_Face_vod,Submitted_vod,Dermiq,Secondary,Yes,Dermiq 10mg Sample,3,LOT-2026-12,Yes,None,0,,Follow up on sample feedback,1,37,005000000000000037,true,false,2026-07-13T11:53:00.000Z,iPad
a0B000000000000435,CALL-000435,001000000000000066,Clinic,Oncology,EU-UK-01,GB,2026-06-13,2026-06-13T16:10:00.000Z,Product Discussion,Face_to_Face_vod,Planned_vod,Pulmora,Secondary,No,,,,No,None,0,,Schedule next detail,1,14,005000000000000007,true,true,2026-06-13T16:10:00.000Z,Windows
a0B000000000000436,CALL-000436,001000000000000130,Hospital,Internal Medicine,EU-UK-01,GB,2026-07-07,2026-07-07T11:17:00.000Z,Detail Only,Face_to_Face_vod,Submitted_vod,Dermiq,Tertiary,No,,,,No,None,0,,Schedule next detail,1,33,005000000000000038,true,false,2026-07-07T11:17:00.000Z,iPad
a0B000000000000437,CALL-000437,001000000000000032,Hospital,Neurology,APAC-JP-01,JP,2026-08-24,2026-08-24T15:48:00.000Z,Remote Detail,Video_vod,Submitted_vod,Dermiq,Tertiary,No,,,,No,None,0,,Schedule next detail,1,31,005000000000000019,true,false,2026-08-24T15:48:00.000Z,Windows
a0B000000000000438,CALL-000438,001000000000000175,HCP,Cardiology,CA-ON-01,CA,2026-08-22,2026-08-22T14:37:00.000Z,Detail Only,Face_to_Face_vod,Submitted_vod,Neurovia,Tertiary,No,,,,No,None,0,,Schedule next detail,1,40,005000000000000033,true,false,2026-08-22T14:37:00.000Z,iPad
a0B000000000000439,CALL-000439,001000000000000099,HCP,General Practice,W-01,US,2026-07-16,2026-07-16T16:33:00.000Z,Detail Only,Face_to_Face_vod,Submitted_vod,Dermiq,Secondary,No,,,,No,None,0,,Schedule next detail,1,21,005000000000000017,true,false,2026-07-16T16:33:00.000Z,Windows
a0B000000000000440,CALL-000440,001000000000000018,HCP,Cardiology,EU-IT-01,IT,2026-07-21,2026-07-21T14:29:00.000Z,Detail with Sample,Face_to_Face_vod,Submitted_vod,Dermiq,Tertiary,Yes,Dermiq 10mg Sample,2,LOT-2026-03,Yes,None,0,,Follow up on sample feedback,1,44,005000000000000020,true,false,2026-07-21T14:29:00.000Z,iPad
a0B000000000000441,CALL-000441,001000000000000057,Pharmacy,Pulmonology,APAC-JP-01,JP,2026-07-10,2026-07-10T13:54:00.000Z,Product Discussion,Face_to_Face_vod,Saved_vod,Oncaline,Tertiary,No,,,,No,None,0,,Schedule next detail,1,38,005000000000000020,true,true,2026-07-10T13:54:00.000Z,iPad
a0B000000000000442,CALL-000442,001000000000000140,HCP,Pulmonology,CA-QC-01,CA,2026-08-16,2026-08-16T13:45:00.000Z,Detail with Sample,Face_to_Face_vod,Saved_vod,Pulmora,Secondary,Yes,Pulmora 10mg Sample,4,LOT-2026-01,No,Pulmora Patient Case,4,Not Captured,Follow up on sample feedback,1,17,005000000000000038,true,true,2026-08-16T13:45:00.000Z,Browser
a0B000000000000443,CALL-000443,001000000000000064,HCP,Pulmonology,W-02,US,2026-06-03,2026-06-03T09:39:00.000Z,Product Discussion,Face_to_Face_vod,Submitted_vod,Cardiozen,Secondary,No,,,,No,None,0,,Schedule next detail,1,44,005000000000000026,true,false,2026-06-03T09:39:00.000Z,iPad
a0B000000000000444,CALL-000444,001000000000000162,HCP,Oncology,MW-01,US,2026-07-14,2026-07-14T08:29:00.000Z,Detail with Sample,Face_to_Face_vod,Submitted_vod,Oncaline,Tertiary,Yes,Oncaline 10mg Sample,4,LOT-2025-11,Yes,None,0,,Follow up on sample feedback,1,41,005000000000000018,true,false,2026-07-14T08:29:00.000Z,iPad
a0B000000000000445,CALL-000445,001000000000000113,HCP,Pulmonology,APAC-AU-01,AU,2026-07-27,2026-07-27T09:30:00.000Z,Detail Only,Face_to_Face_vod,Submitted_vod,Dermiq,Secondary,No,,,,No,None,0,,Schedule next detail,1,30,005000000000000020,true,false,2026-07-27T09:30:00.000Z,Browser
a0B000000000000446,CALL-000446,001000000000000025,HCP,Cardiology,EU-UK-01,GB,2026-08-21,2026-08-21T11:07:00.000Z,Detail Only,Face_to_Face_vod,Submitted_vod,Dermiq,Primary,No,,,,No,None,0,,Schedule next detail,1,20,005000000000000009,true,false,2026-08-21T11:07:00.000Z,iPad
a0B000000000000447,CALL-000447,001000000000000117,HCP,Neurology,LATAM-BR-01,BR,2026-08-22,2026-08-22T14:15:00.000Z,Detail Only,Face_to_Face_vod,Submitted_vod,Cardiozen,Primary,No,,,,No,None,0,,Schedule next detail,1,21,005000000000000013,true,false,2026-08-22T14:15:00.000Z,iPad
a0B000000000000448,CALL-000448,001000000000000091,Clinic,Neurology,APAC-AU-01,AU,2026-06-08,2026-06-08T08:02:00.000Z,Detail Only,Face_to_Face_vod,Submitted_vod,Oncaline,Tertiary,No,,,,No,Oncaline Phase III Data,1,Positive,Revisit key messages,1,11,005000000000000010,true,false,2026-06-08T08:02:00.000Z,iPad
a0B000000000000449,CALL-000449,001000000000000123,HCP,Internal Medicine,EU-IT-01,IT,2026-06-18,2026-06-18T08:28:00.000Z,Sample Only,Face_to_Face_vod,Planned_vod,Dermiq,Secondary,Yes,Dermiq 10mg Sample,2,LOT-2026-10,Yes,None,0,,Follow up on sample feedback,1,11,005000000000000026,true,true,2026-06-18T08:28:00.000Z,iPad
a0B000000000000450,CALL-000450,001000000000000173,Pharmacy,Oncology,SE-01,US,2026-07-15,2026-07-15T09:36:00.000Z,Phone Call,Phone_vod,Saved_vod,Dermiq,Secondary,No,,,,No,None,0,,Schedule next detail,1,7,005000000000000029,true,true,2026-07-15T09:36:00.000Z,iPad
a0B000000000000451,CALL-000451,001000000000000013,HCP,Internal Medicine,EU-IT-01,IT,2026-07-15,2026-07-15T12:23:00.000Z,Detail with Sample,Face_to_Face_vod,Planned_vod,Neurovia,Tertiary,Yes,Neurovia 10mg Sample,2,LOT-2026-11,Yes,Neurovia Safety Profile,6,Positive,Follow up on sample feedback,1,11,005000000000000028,true,true,2026-07-15T12:23:00.000Z,iPhone
a0B000000000000452,CALL-000452,001000000000000026,Clinic,Internal Medicine,CA-ON-01,CA,2026-06-27,2026-06-27T13:59:00.000Z,Sample Only,Face_to_Face_vod,Submitted_vod,Oncaline,Tertiary,Yes,Oncaline 10mg Sample,1,LOT-2026-03,Yes,None,0,,Follow up on sample feedback,1,10,005000000000000008,true,false,2026-06-27T13:59:00.000Z,Windows
a0B000000000000453,CALL-000453,001000000000000040,Hospital,Oncology,EU-IT-01,IT,2026-08-08,2026-08-08T14:26:00.000Z,Product Discussion,Face_to_Face_vod,Submitted_vod,Pulmora,Secondary,No,,,,No,None,0,,Schedule next detail,1,39,005000000000000005,true,false,2026-08-08T14:26:00.000Z,Browser
a0B000000000000454,CALL-000454,001000000000000099,HCP,General Practice,W-01,US,2026-06-20,2026-06-20T15:48:00.000Z,Detail with Sample,Face_to_Face_vod,Submitted_vod,Neurovia,Primary,Yes,Neurovia 10mg Sample,2,LOT-2026-04,Yes,Neurovia MoA Video,1,Neutral,Follow up on sample feedback,1,29,005000000000000001,true,false,2026-06-20T15:48:00.000Z,iPad
a0B000000000000455,CALL-000455,001000000000000173,Clinic,Pulmonology,APAC-AU-01,AU,2026-06-27,2026-06-27T15:07:00.000Z,Group Detail,Face_to_Face_vod,Submitted_vod,Cardiozen,Primary,No,,,,No,Cardiozen Dosing Guide,1,Positive,Revisit key messages,8,41,005000000000000020,true,false,2026-06-27T15:07:00.000Z,Browser
a0B000000000000456,CALL-000456,001000000000000108,HCP,General Practice,SE-01,US,2026-08-17,2026-08-17T09:02:00.000Z,Detail Only,Face_to_Face_vod,Planned_vod,Cardiozen,Primary,No,,,,No,None,0,,Schedule next detail,1,13,005000000000000016,true,true,2026-08-17T09:02:00.000Z,Windows
a0B000000000000457,CALL-000457,001000000000000128,HCP,Neurology,CA-QC-01,CA,2026-08-21,2026-08-21T12:53:00.000Z,Detail Only,Face_to_Face_vod,Submitted_vod,Neurovia,Primary,No,,,,No,Neurovia Safety Profile,4,Positive,Revisit key messages,1,17,005000000000000013,true,false,2026-08-21T12:53:00.000Z,Windows
a0B000000000000458,CALL-000458,001000000000000103,Hospital,Neurology,CA-QC-01,CA,2026-06-26,2026-06-26T09:42:00.000Z,Product Discussion,Face_to_Face_vod,Saved_vod,Neurovia,Tertiary,No,,,,No,None,0,,Schedule next detail,1,10,005000000000000018,true,true,2026-06-26T09:42:00.000Z,Browser
a0B000000000000459,CALL-000459,001000000000000079,HCP,Cardiology,CA-ON-01,CA,2026-08-22,2026-08-22T14:28:00.000Z,Email,Email_vod,Submitted_vod,Neurovia,Primary,No,,,,No,None,0,,Schedule next detail,1,0,005000000000000037,true,false,2026-08-22T14:28:00.000Z,iPad
a0B000000000000460,CALL-000460,001000000000000146,Hospital,Oncology,SE-02,US,2026-08-25,2026-08-25T11:42:00.000Z,Email,Email_vod,Saved_vod,Cardiozen,Secondary,No,,,,No,None,0,,Schedule next detail,1,0,005000000000000035,true,true,2026-08-25T11:42:00.000Z,iPad
a0B000000000000461,CALL-000461,001000000000000124,Hospital,Neurology,NE-01,US,2026-06-09,2026-06-09T12:34:00.000Z,Remote Detail,Video_vod,Submitted_vod,Pulmora,Tertiary,No,,,,No,Pulmora Patient Case,1,Positive,Revisit key messages,1,23,005000000000000003,true,false,2026-06-09T12:34:00.000Z,iPhone
a0B000000000000462,CALL-000462,001000000000000089,HCP,Neurology,APAC-JP-01,JP,2026-07-02,2026-07-02T14:16:00.000Z,Sample Only,Face_to_Face_vod,Submitted_vod,Oncaline,Tertiary,Yes,Oncaline 10mg Sample,1,LOT-2025-11,No,None,0,,Follow up on sample feedback,1,37,005000000000000005,true,false,2026-07-02T14:16:00.000Z,Windows
a0B000000000000463,CALL-000463,001000000000000090,HCP,Pulmonology,APAC-JP-01,JP,2026-08-28,2026-08-28T16:48:00.000Z,Product Discussion,Face_to_Face_vod,Submitted_vod,Pulmora,Primary,No,,,,No,Pulmora Patient Case,2,Negative,Revisit key messages,1,33,005000000000000015,true,false,2026-08-28T16:48:00.000Z,Browser
a0B000000000000464,CALL-000464,001000000000000089,HCP,Pulmonology,EU-DACH-01,DE,2026-07-15,2026-07-15T14:08:00.000Z,Group Detail,Face_to_Face_vod,Submitted_vod,Cardiozen,Tertiary,Yes,Cardiozen 10mg Sample,4,LOT-2026-07,Yes,None,0,,Follow up on sample feedback,5,38,005000000000000018,true,false,2026-07-15T14:08:00.000Z,Windows
a0B000000000000465,CALL-000465,001000000000000151,Clinic,Cardiology,APAC-AU-01,AU,2026-06-03,2026-06-03T13:13:00.000Z,Sample Only,Face_to_Face_vod,Saved_vod,Neurovia,Primary,Yes,Neurovia 10mg Sample,2,LOT-2026-05,Yes,None,0,,Follow up on sample feedback,1,36,005000000000000040,true,true,2026-06-03T13:13:00.000Z,iPad
a0B000000000000466,CALL-000466,001000000000000014,Clinic,Neurology,W-01,US,2026-08-22,2026-08-22T11:15:00.000Z,Detail Only,Face_to_Face_vod,Submitted_vod,Oncaline,Primary,No,,,,No,None,0,,Schedule next detail,1,15,005000000000000039,true,false,2026-08-22T11:15:00.000Z,Windows
a0B000000000000467,CALL-000467,001000000000000009,HCP,General Practice,EU-ES-01,ES,2026-08-12,2026-08-12T12:49:00.000Z,Detail Only,Face_to_Face_vod,Planned_vod,Pulmora,Secondary,No,,,,No,None,0,,Schedule next detail,1,19,005000000000000012,true,true,2026-08-12T12:49:00.000Z,Browser
a0B000000000000468,CALL-000468,001000000000000108,HCP,Internal Medicine,APAC-AU-01,AU,2026-07-25,2026-07-25T16:38:00.000Z,Remote Detail,Video_vod,Submitted_vod,Dermiq,Tertiary,No,,,,No,None,0,,Schedule next detail,1,43,005000000000000028,true,false,2026-07-25T16:38:00.000Z,iPhone
a0B000000000000469,CALL-000469,001000000000000007,Hospital,Cardiology,EU-IT-01,IT,2026-07-29,2026-07-29T11:41:00.000Z,Detail Only,Face_to_Face_vod,Submitted_vod,Oncaline,Tertiary,No,,,,No,None,0,,Schedule next detail,1,22,005000000000000002,true,false,2026-07-29T11:41:00.000Z,iPad
a0B000000000000470,CALL-000470,001000000000000115,HCP,Cardiology,APAC-JP-01,JP,2026-08-09,2026-08-09T13:34:00.000Z,Remote Detail,Video_vod,Submitted_vod,Neurovia,Tertiary,No,,,,No,None,0,,Schedule next detail,1,30,005000000000000024,true,false,2026-08-09T13:34:00.000Z,Windows
a0B000000000000471,CALL-000471,001000000000000139,HCP,Neurology,NE-02,US,2026-08-26,2026-08-26T14:16:00.000Z,Sample Only,Face_to_Face_vod,Submitted_vod,Oncaline,Tertiary,Yes,Oncaline 10mg Sample,3,LOT-2025-12,No,None,0,,Follow up on sample feedback,1,14,005000000000000007,true,false,2026-08-26T14:16:00.000Z,Windows
a0B000000000000472,CALL-000472,001000000000000004,HCP,Neurology,W-01,US,2026-06-03,2026-06-03T12:39:00.000Z,Detail Only,Face_to_Face_vod,Submitted_vod,Cardiozen,Tertiary,No,,,,No,Cardiozen Dosing Guide,1,Positive,Revisit key messages,1,43,005000000000000032,true,false,2026-06-03T12:39:00.000Z,iPad
a0B000000000000473,CALL-000473,001000000000000162,HCP,Dermatology,EU-FR-01,FR,2026-06-11,2026-06-11T10:55:00.000Z,Product Discussion,Face_to_Face_vod,Submitted_vod,Cardiozen,Tertiary,No,,,,No,Cardiozen Efficacy Deck,4,Positive,Revisit key messages,1,20,005000000000000016,true,false,2026-06-11T10:55:00.000Z,iPad
a0B000000000000474,CALL-000474,001000000000000076,HCP,Dermatology,W-02,US,2026-08-28,2026-08-28T09:40:00.000Z,Detail with Sample,Face_to_Face_vod,Planned_vod,Cardiozen,Secondary,Yes,Cardiozen 10mg Sample,3,LOT-2026-09,Yes,None,0,,Follow up on sample feedback,1,44,005000000000000032,true,true,2026-08-28T09:40:00.000Z,Windows
a0B000000000000475,CALL-000475,001000000000000067,HCP,Cardiology,W-02,US,2026-06-24,2026-06-24T16:19:00.000Z,Detail with Sample,Face_to_Face_vod,Submitted_vod,Pulmora,Secondary,Yes,Pulmora 10mg Sample,4,LOT-2025-11,Yes,None,0,,Follow up on sample feedback,1,44,005000000000000029,true,false,2026-06-24T16:19:00.000Z,Windows
a0B000000000000476,CALL-000476,001000000000000007,HCP,Neurology,EU-UK-01,GB,2026-08-11,2026-08-11T15:20:00.000Z,Product Discussion,Face_to_Face_vod,Submitted_vod,Pulmora,Secondary,Yes,Pulmora 10mg Sample,1,LOT-2026-03,Yes,Pulmora Patient Case,5,Negative,Follow up on sample feedback,1,30,005000000000000008,true,false,2026-08-11T15:20:00.000Z,iPad
a0B000000000000477,CALL-000477,001000000000000078,HCP,Internal Medicine,MW-01,US,2026-07-21,2026-07-21T10:53:00.000Z,Phone Call,Phone_vod,Submitted_vod,Oncaline,Primary,No,,,,No,None,0,,Schedule next detail,1,5,005000000000000036,true,false,2026-07-21T10:53:00.000Z,iPad
a0B000000000000478,CALL-000478,001000000000000019,Hospital,Neurology,EU-IT-01,IT,2026-06-28,2026-06-28T13:55:00.000Z,Product Discussion,Face_to_Face_vod,Submitted_vod,Cardiozen,Primary,No,,,,No,Cardiozen Efficacy Deck,2,Positive,Revisit key messages,1,19,005000000000000015,true,false,2026-06-28T13:55:00.000Z,Browser
a0B000000000000479,CALL-000479,001000000000000101,HCP,Internal Medicine,MW-01,US,2026-08-02,2026-08-02T15:38:00.000Z,Detail Only,Face_to_Face_vod,Planned_vod,Dermiq,Secondary,No,,,,No,Dermiq Launch Deck,1,Not Captured,Revisit key messages,1,42,005000000000000027,true,true,2026-08-02T15:38:00.000Z,Browser
a0B000000000000480,CALL-000480,001000000000000174,HCP,General Practice,EU-ES-01,ES,2026-07-17,2026-07-17T12:50:00.000Z,Detail Only,Face_to_Face_vod,Submitted_vod,Pulmora,Secondary,No,,,,No,None,0,,Schedule next detail,1,14,005000000000000027,true,false,2026-07-17T12:50:00.000Z,Windows
a0B000000000000481,CALL-000481,001000000000000056,Hospital,Neurology,APAC-AU-01,AU,2026-06-03,2026-06-03T09:34:00.000Z,Detail Only,Face_to_Face_vod,Submitted_vod,Pulmora,Tertiary,No,,,,No,Pulmora Patient Case,2,Positive,Revisit key messages,1,14,005000000000000013,true,false,2026-06-03T09:34:00.000Z,iPad
a0B000000000000482,CALL-000482,001000000000000114,Clinic,Dermatology,NE-01,US,2026-06-14,2026-06-14T13:50:00.000Z,Product Discussion,Face_to_Face_vod,Saved_vod,Cardiozen,Secondary,No,,,,No,Cardiozen Efficacy Deck,4,Neutral,Revisit key messages,1,14,005000000000000018,true,true,2026-06-14T13:50:00.000Z,iPhone
a0B000000000000483,CALL-000483,001000000000000012,HCP,Dermatology,W-01,US,2026-08-28,2026-08-28T09:43:00.000Z,Detail with Sample,Face_to_Face_vod,Planned_vod,Neurovia,Secondary,Yes,Neurovia 10mg Sample,4,LOT-2025-09,Yes,None,0,,Follow up on sample feedback,1,10,005000000000000029,true,true,2026-08-28T09:43:00.000Z,iPad
a0B000000000000484,CALL-000484,001000000000000131,HCP,Cardiology,MW-02,US,2026-08-17,2026-08-17T11:07:00.000Z,Remote Detail,Video_vod,Saved_vod,Oncaline,Tertiary,No,,,,No,Oncaline Phase III Data,4,Positive,Revisit key messages,1,31,005000000000000025,true,true,2026-08-17T11:07:00.000Z,iPad
a0B000000000000485,CALL-000485,001000000000000111,Hospital,Cardiology,EU-UK-01,GB,2026-07-23,2026-07-23T08:09:00.000Z,Remote Detail,Video_vod,Submitted_vod,Dermiq,Tertiary,No,,,,No,None,0,,Schedule next detail,1,12,005000000000000011,true,false,2026-07-23T08:09:00.000Z,iPad
a0B000000000000486,CALL-000486,001000000000000068,Clinic,Internal Medicine,APAC-AU-01,AU,2026-06-11,2026-06-11T11:01:00.000Z,Detail Only,Face_to_Face_vod,Submitted_vod,Neurovia,Primary,No,,,,No,Neurovia MoA Video,5,Not Captured,Revisit key messages,1,12,005000000000000031,true,false,2026-06-11T11:01:00.000Z,iPad
a0B000000000000487,CALL-000487,001000000000000056,Hospital,Internal Medicine,EU-FR-01,FR,2026-08-22,2026-08-22T11:25:00.000Z,Sample Only,Face_to_Face_vod,Submitted_vod,Pulmora,Primary,Yes,Pulmora 10mg Sample,3,LOT-2025-04,No,None,0,,Follow up on sample feedback,1,24,005000000000000025,true,false,2026-08-22T11:25:00.000Z,Browser
a0B000000000000488,CALL-000488,001000000000000115,HCP,Oncology,EU-ES-01,ES,2026-08-23,2026-08-23T12:20:00.000Z,Detail with Sample,Face_to_Face_vod,Saved_vod,Oncaline,Primary,Yes,Oncaline 10mg Sample,3,LOT-2026-01,Yes,None,0,,Follow up on sample feedback,1,40,005000000000000001,true,true,2026-08-23T12:20:00.000Z,iPad
a0B000000000000489,CALL-000489,001000000000000056,HCP,Neurology,LATAM-BR-01,BR,2026-07-02,2026-07-02T12:19:00.000Z,Detail with Sample,Face_to_Face_vod,Submitted_vod,Neurovia,Primary,Yes,Neurovia 10mg Sample,4,LOT-2025-04,Yes,Neurovia Safety Profile,2,Neutral,Follow up on sample feedback,1,33,005000000000000009,true,false,2026-07-02T12:19:00.000Z,iPad
a0B000000000000490,CALL-000490,001000000000000108,Pharmacy,Pulmonology,MW-02,US,2026-06-02,2026-06-02T09:10:00.000Z,Detail Only,Face_to_Face_vod,Submitted_vod,Dermiq,Primary,No,,,,No,Dermiq Launch Deck,3,Not Captured,Revisit key messages,1,14,005000000000000017,true,false,2026-06-02T09:10:00.000Z,Browser
a0B000000000000491,CALL-000491,001000000000000045,HCP,Cardiology,EU-FR-01,FR,2026-08-07,2026-08-07T13:07:00.000Z,Detail Only,Face_to_Face_vod,Submitted_vod,Cardiozen,Primary,No,,,,No,None,0,,Schedule next detail,1,24,005000000000000005,true,false,2026-08-07T13:07:00.000Z,iPad
a0B000000000000492,CALL-000492,001000000000000013,Hospital,Cardiology,EU-FR-01,FR,2026-08-06,2026-08-06T08:33:00.000Z,Detail Only,Face_to_Face_vod,Submitted_vod,Dermiq,Secondary,Yes,Dermiq 10mg Sample,2,LOT-2025-06,No,None,0,,Follow up on sample feedback,1,38,005000000000000035,true,false,2026-08-06T08:33:00.000Z,iPad
a0B000000000000493,CALL-000493,001000000000000095,HCP,Pulmonology,W-02,US,2026-06-02,2026-06-02T16:46:00.000Z,Detail with Sample,Face_to_Face_vod,Submitted_vod,Cardiozen,Tertiary,Yes,Cardiozen 10mg Sample,3,LOT-2026-01,Yes,Cardiozen Dosing Guide,5,Neutral,Follow up on sample feedback,1,16,005000000000000028,true,false,2026-06-02T16:46:00.000Z,iPad
a0B000000000000494,CALL-000494,001000000000000025,HCP,Cardiology,EU-UK-01,GB,2026-07-02,2026-07-02T10:04:00.000Z,Detail Only,Face_to_Face_vod,Submitted_vod,Pulmora,Tertiary,No,,,,No,None,0,,Schedule next detail,1,22,005000000000000040,true,false,2026-07-02T10:04:00.000Z,Windows
a0B000000000000495,CALL-000495,001000000000000087,HCP,Cardiology,EU-FR-01,FR,2026-06-17,2026-06-17T08:05:00.000Z,Product Discussion,Face_to_Face_vod,Submitted_vod,Pulmora,Secondary,No,,,,No,None,0,,Schedule next detail,1,42,005000000000000020,true,false,2026-06-17T08:05:00.000Z,iPad
a0B000000000000496,CALL-000496,001000000000000125,HCP,General Practice,EU-FR-01,FR,2026-08-02,2026-08-02T13:46:00.000Z,Group Detail,Face_to_Face_vod,Submitted_vod,Oncaline,Tertiary,No,,,,No,None,0,,Schedule next detail,3,25,005000000000000021,true,false,2026-08-02T13:46:00.000Z,iPad
a0B000000000000497,CALL-000497,001000000000000060,HCP,Cardiology,SE-01,US,2026-07-11,2026-07-11T11:50:00.000Z,Detail with Sample,Face_to_Face_vod,Submitted_vod,Cardiozen,Secondary,Yes,Cardiozen 10mg Sample,1,LOT-2025-02,Yes,None,0,,Follow up on sample feedback,1,27,005000000000000009,true,false,2026-07-11T11:50:00.000Z,Windows
a0B000000000000498,CALL-000498,001000000000000010,Clinic,Internal Medicine,APAC-JP-01,JP,2026-08-21,2026-08-21T11:39:00.000Z,Sample Only,Face_to_Face_vod,Saved_vod,Cardiozen,Tertiary,Yes,Cardiozen 10mg Sample,3,LOT-2026-01,No,None,0,,Follow up on sample feedback,1,12,005000000000000030,true,true,2026-08-21T11:39:00.000Z,Windows
a0B000000000000499,CALL-000499,001000000000000174,HCP,Pulmonology,APAC-AU-01,AU,2026-08-29,2026-08-29T15:44:00.000Z,Email,Email_vod,Submitted_vod,Neurovia,Tertiary,No,,,,No,None,0,,Schedule next detail,1,0,005000000000000019,true,false,2026-08-29T15:44:00.000Z,iPad
a0B000000000000500,CALL-000500,001000000000000123,HCP,Pulmonology,EU-FR-01,FR,2026-07-18,2026-07-18T09:23:00.000Z,Remote Detail,Video_vod,Planned_vod,Cardiozen,Secondary,No,,,,No,None,0,,Schedule next detail,1,12,005000000000000024,true,true,2026-07-18T09:23:00.000Z,iPad
